   0.02000,   14.03161,   10.09628,   -0.03571,   14.24336,    2.18159,    8.14043,    3.96615,   14.10874,   10.05963 
   0.04000,   13.95253,    9.90844,    0.02582,   14.18481,    2.05057,    8.07238,    4.00752,   14.04874,    9.97106 
   0.06000,   14.05417,    9.91477,    0.09313,   14.05355,    1.88229,    8.00624,    4.12003,   13.96977,   10.01117 
   0.08000,   14.24154,   10.12988,    0.05498,   13.85858,    1.79742,    8.07240,    4.19157,   13.92318,   10.11508 
   0.10000,   14.35932,   10.34916,    0.01958,   13.76638,    1.81373,    8.15575,    4.13591,   14.05391,   10.13257 
   0.12000,   14.20788,   10.32763,    0.04033,   13.89614,    2.00174,    8.12428,    3.99164,   14.27767,   10.02517 
   0.14000,   14.02066,   10.14677,    0.05706,   14.10732,    2.19883,    8.07960,    3.95605,   14.32674,    9.91484 
   0.16000,   13.99088,    9.99026,   -0.07453,   14.20046,    2.22988,    8.09126,    4.11369,   14.13661,    9.89188 
   0.18000,   13.96015,    9.94418,   -0.20308,   14.19988,    2.11326,    8.02422,    4.20150,   13.99291,   10.02659 
   0.20000,   13.89503,   10.04591,   -0.07894,   14.18665,    1.99297,    7.95076,    4.17191,   13.99375,   10.14702 
   0.22000,   13.89395,   10.09553,    0.08250,   14.15486,    2.00639,    7.96074,    4.11499,   14.08331,   10.18188 
   0.24000,   13.99535,   10.10643,    0.16296,   14.12554,    2.08837,    8.09941,    4.02957,   14.15420,   10.18720 
   0.26000,   14.17841,   10.19040,    0.14635,   14.10970,    2.07307,    8.22117,    3.92193,   14.16056,   10.16773 
   0.28000,   14.24692,   10.16784,    0.08923,   14.04225,    1.99341,    8.16847,    3.86292,   14.11718,   10.14016 
   0.30000,   14.12166,    9.94502,    0.04914,   13.97458,    2.00788,    7.99109,    3.85216,   14.14219,   10.08065 
   0.32000,   13.99384,    9.82424,    0.02191,   13.97431,    2.08053,    7.92158,    3.88027,   14.20276,   10.03063 
   0.34000,   13.91376,    9.97162,    0.03749,   14.02544,    2.11611,    8.02353,    3.94667,   14.19570,   10.04517 
   0.36000,   13.90029,   10.15506,    0.02160,   14.10308,    2.07622,    8.11459,    4.05476,   14.08205,   10.09426 
   0.38000,   13.94141,   10.23272,    0.03655,   14.16647,    1.96480,    8.12233,    4.17725,   13.98439,   10.08541 
   0.40000,   13.97809,   10.22096,    0.12718,   14.19012,    1.91058,    8.07355,    4.18719,   14.01281,   10.03438 
   0.42000,   14.06673,   10.13352,    0.14290,   14.17872,    1.99615,    8.00526,    4.08787,   14.07983,   10.01219 
   0.44000,   14.19082,   10.06428,    0.05169,   14.16524,    2.12632,    7.92997,    3.97495,   14.04908,   10.01995 
   0.46000,   14.27242,   10.06486,   -0.08344,   14.13762,    2.13139,    7.94306,    3.93712,   13.88821,   10.00358 
   0.48000,   14.28052,   10.02695,   -0.14417,   14.08604,    1.99932,    8.01845,    3.95692,   13.87637,   10.03312 
   0.50000,   14.26223,    9.97836,   -0.09975,   14.07572,    1.85763,    8.11910,    3.98721,   14.08353,    9.98583 
   0.52000,   14.21349,   10.01030,   -0.04202,   14.16526,    1.77385,    8.24000,    4.03527,   14.30533,    9.95795 
   0.54000,   14.11787,   10.12382,   -0.02162,   14.25286,    1.77444,    8.28582,    4.01424,   14.24525,   10.16100 
   0.56000,   13.98447,   10.22050,   -0.04281,   14.21871,    1.82431,    8.24362,    4.01332,   14.11207,   10.29449 
   0.58000,   13.88233,   10.22096,   -0.05625,   14.10643,    1.89523,    8.15683,    4.05515,   14.03704,   10.27448 
   0.60000,   13.86233,   10.12667,   -0.00528,   13.97993,    1.97059,    7.99469,    4.05385,   14.07849,   10.14003 
   0.62000,   13.94141,    9.99068,    0.11200,   13.87596,    2.03798,    7.79416,    4.02465,   14.10537,   10.04736 
   0.64000,   14.11622,    9.87502,    0.21574,   13.80603,    2.11582,    7.74237,    3.74004,   14.08116,   10.28434 
   0.66000,   14.29673,    9.85202,    0.21292,   14.01891,    2.17091,    7.96603,    3.61801,   14.09356,   10.30438 
   0.68000,   14.32021,    9.96623,    0.04965,   14.34994,    2.18309,    8.16722,    3.74693,   14.21446,   10.17622 
   0.70000,   14.12766,   10.02178,   -0.17063,   14.44548,    2.06752,    8.21160,    3.99535,   14.37462,   10.12911 
   0.72000,   13.92257,    9.98895,   -0.18112,   14.37342,    1.90359,    8.21288,    4.24544,   14.51089,   10.20080 
   0.74000,   14.00454,    9.87081,    0.04200,   14.18339,    1.87370,    8.13324,    4.32258,   14.45418,   10.21443 
   0.76000,   14.12530,    9.80140,    0.22250,   14.02944,    1.91335,    8.00443,    4.13260,   14.25345,   10.09976 
   0.78000,   14.14326,    9.80889,    0.21294,   13.95836,    1.94959,    7.87900,    3.92976,   14.05085,    9.98637 
   0.80000,   14.06952,    9.81250,    0.09986,   13.94557,    1.99936,    7.85670,    3.79570,   13.90245,    9.91799 
   0.82000,   14.06573,    9.87155,    0.05606,   14.01519,    2.07608,    7.96972,    3.82320,   13.91472,    9.83908 
   0.84000,   14.16681,    9.95467,    0.09226,   14.13571,    2.11187,    8.04456,    3.96347,   14.00090,    9.82579 
   0.86000,   14.19800,   10.03508,    0.11113,   14.21608,    2.11518,    8.05079,    4.02665,   14.07247,    9.89055 
   0.88000,   14.09065,   10.05407,    0.07338,   14.14981,    2.04352,    8.05585,    4.01510,   14.08206,    9.96839 
   0.90000,   13.97150,   10.00364,    0.00700,   14.06090,    1.94932,    8.15873,    3.99552,   14.03731,    9.98740 
   0.92000,   13.95905,    9.91595,   -0.07632,   14.04383,    1.90210,    8.28499,    3.98896,   14.07648,   10.02077 
   0.94000,   14.05081,    9.96213,   -0.16494,   14.08896,    1.87828,    8.34390,    3.96093,   14.26536,   10.12624 
   0.96000,   14.11570,   10.19125,   -0.19911,   14.13676,    1.90782,    8.29421,    3.94017,   14.43115,   10.22799 
   0.98000,   14.08310,   10.30097,   -0.21452,   14.10551,    1.95373,    8.06989,    3.98895,   14.39755,   10.19299 
   1.00000,   14.04632,   10.26192,   -0.20529,   14.10323,    2.02709,    7.83937,    3.98503,   14.20550,   10.16228 
   1.02000,   14.07666,   10.15605,   -0.07393,   14.11010,    2.12127,    7.75209,    3.97909,   14.01011,   10.16630 
   1.04000,   14.15307,   10.06303,    0.13354,   14.04547,    2.16342,    7.79365,    3.98529,   13.91957,   10.14387 
   1.06000,   14.16268,   10.02278,    0.26301,   13.97610,    2.12605,    7.89762,    3.97630,   13.93207,   10.09164 
   1.08000,   14.15627,   10.05401,    0.28833,   14.01652,    2.02789,    7.98846,    3.95548,   13.96220,   10.09456 
   1.10000,   14.19165,   10.09112,    0.20098,   14.15127,    1.97382,    8.10949,    3.87462,   14.01535,   10.11446 
   1.12000,   14.23098,   10.02628,    0.02066,   14.28910,    2.00719,    8.25570,    3.74592,   14.13499,   10.06184 
   1.14000,   14.12704,    9.93962,   -0.16228,   14.33525,    2.09712,    8.36562,    3.77992,   14.30920,   10.06473 
   1.16000,   13.95126,   10.04113,   -0.13871,   14.08439,    2.12209,    8.24276,    4.11001,   14.22623,   10.15545 
   1.18000,   13.89820,   10.13465,   -0.00013,   13.78146,    2.01729,    8.06485,    4.40245,   14.08069,   10.29098 
   1.20000,   13.99613,   10.13973,    0.15922,   13.66385,    1.96546,    7.92863,    4.51516,   14.07143,   10.31162 
   1.22000,   14.10483,   10.06549,    0.22636,   13.65877,    2.02045,    7.87142,    4.42155,   14.07533,   10.23079 
   1.24000,   14.14291,    9.98463,    0.20648,   13.74216,    2.09577,    7.89747,    4.15807,   13.94105,   10.13547 
   1.26000,   14.18543,   10.08781,    0.17223,   13.93603,    2.09550,    8.01366,    3.90945,   13.85350,   10.03118 
   1.28000,   14.20375,   10.22575,    0.08823,   14.20039,    2.05503,    8.19033,    3.84272,   13.91837,    9.95780 
   1.30000,   14.19123,   10.21826,   -0.06474,   14.35266,    1.97912,    8.26349,    3.75425,   14.04989,    9.90744 
   1.32000,   14.16137,   10.08467,   -0.17422,   14.25773,    1.97757,    8.05624,    3.64910,   14.19671,    9.91451 
   1.34000,   14.08917,    9.97715,   -0.18014,   14.11004,    2.03982,    7.92574,    3.68297,   14.30646,    9.95551 
   1.36000,   14.05015,    9.96692,   -0.08945,   14.05362,    1.98139,    7.90507,    3.95946,   14.24580,   10.03666 
   1.38000,   14.14735,   10.00916,   -0.01799,   14.07533,    1.84942,    7.92487,    4.19718,   14.14974,   10.11686 
   1.40000,   14.26480,   10.03432,   -0.04272,   14.03866,    1.83255,    7.98024,    4.24612,   14.10578,   10.15380 
   1.42000,   14.26776,    9.98559,   -0.09384,   13.98489,    1.89778,    7.99629,    4.22965,   14.03884,   10.21261 
   1.44000,   14.16230,   10.00364,   -0.07183,   14.02158,    2.01594,    7.93085,    4.27676,   13.98424,   10.26257 
   1.46000,   13.97569,   10.14672,   -0.02064,   14.09593,    2.08796,    7.88466,    4.37474,   13.92198,   10.25221 
   1.48000,   13.79712,   10.28634,    0.01639,   14.09734,    2.10115,    7.81425,    4.23947,   13.84793,   10.23995 
   1.50000,   13.77430,   10.31829,    0.07123,   14.04830,    2.09985,    7.78792,    3.97269,   13.79582,   10.17104 
   1.52000,   13.91369,   10.22825,    0.09695,   14.02435,    2.13405,    8.00748,    3.78398,   13.84109,   10.08295 
   1.54000,   14.11668,   10.11180,    0.04567,   14.08711,    2.06917,    8.30925,    3.83987,   14.08273,   10.16875 
   1.56000,   14.30969,   10.08880,    0.02608,   14.14605,    2.08124,    8.42167,    4.04087,   14.25124,   10.31311 
   1.58000,   14.38843,   10.11349,    0.15318,   14.21048,    2.16233,    8.34002,    4.09155,   14.25299,   10.27061 
   1.60000,   14.17344,    9.95799,    0.31380,   14.23483,    2.18923,    8.19401,    4.02845,   14.16630,   10.10553 
   1.62000,   13.99154,    9.78584,    0.24451,   14.16911,    2.17826,    8.17413,    4.03588,   14.13521,    9.97165 
   1.64000,   14.01829,    9.68724,   -0.06613,   14.08007,    2.12576,    8.19714,    4.16485,   14.13813,    9.89622 
   1.66000,   14.04657,    9.72944,   -0.26905,   14.03521,    2.05622,    8.09429,    4.22003,   14.05190,    9.86359 
   1.68000,   14.01793,   10.00090,   -0.21035,   14.06733,    2.01210,    7.93811,    4.07765,   13.89708,    9.94656 
   1.70000,   14.03459,   10.14798,   -0.13526,   14.04427,    2.09421,    7.86366,    3.83705,   13.93067,   10.15582 
   1.72000,   14.05350,   10.13490,   -0.15941,   13.85711,    2.23495,    7.93831,    3.83408,   14.09795,   10.01483 
   1.74000,   14.07300,   10.16114,   -0.14473,   13.91278,    2.01477,    8.02391,    3.95436,   14.24363,    9.85840 
   1.76000,   14.07356,   10.29107,   -0.08684,   13.96168,    1.76927,    7.97013,    4.07068,   14.25869,    9.80606 
   1.78000,   14.00399,   10.38051,   -0.04145,   13.98034,    1.54400,    7.85422,    3.90610,   14.13387,   10.00114 
   1.80000,   13.89988,   10.33607,   -0.09980,   14.04809,    1.48666,    7.89865,    3.72625,   14.04345,   10.21053 
   1.82000,   13.94274,   10.21036,   -0.20684,   14.26833,    1.89019,    8.24054,    3.83490,   14.18971,   10.30355 
   1.84000,   14.12005,   10.07494,   -0.22150,   14.47904,    2.30534,    8.18154,    3.99995,   14.29410,   10.27702 
   1.86000,   14.15730,   10.03890,   -0.05486,   14.51266,    2.49395,    7.98232,    4.06520,   14.28259,   10.26327 
   1.88000,   14.06946,   10.01714,    0.18452,   14.36297,    2.45343,    7.89853,    4.01754,   14.21945,   10.28059 
   1.90000,   14.00568,    9.98904,    0.30280,   14.29551,    2.31451,    7.91063,    4.07169,   14.15793,   10.14566 
   1.92000,   14.08418,    9.98182,    0.27386,   14.38476,    2.13214,    8.01729,    4.17519,   14.08710,    9.93619 
   1.94000,   14.29166,    9.94525,    0.24439,   14.26952,    2.08350,    7.93680,    4.26895,   14.05413,    9.80376 
   1.96000,   14.43199,    9.89230,    0.24799,   14.03975,    1.95950,    7.98626,    4.20407,   14.09498,    9.93497 
   1.98000,   14.37263,    9.96192,    0.21711,   13.80779,    1.76776,    8.19660,    3.94176,   14.08173,   10.09943 
   2.00000,   14.19453,   10.06163,    0.10782,   13.84101,    1.69673,    8.24517,    3.79382,   14.01538,   10.30820 
   2.02000,   14.02339,   10.21888,    0.05551,   14.08363,    1.78012,    8.15587,    3.82057,   13.98305,   10.49015 
   2.04000,   14.03675,   10.26606,   -0.03700,   14.15180,    1.92781,    8.08631,    3.95208,   14.15761,   10.30790 
   2.06000,   14.11465,   10.18289,   -0.01480,   14.10336,    2.03405,    8.12137,    4.04595,   14.26383,    9.99284 
   2.08000,   14.01372,   10.15999,    0.10230,   14.12667,    2.19041,    8.19133,    4.09227,   14.09792,    9.87933 
   2.10000,   13.90212,   10.18060,    0.18615,   14.18599,    2.37684,    8.12314,    4.19047,   13.89262,    9.94737 
   2.12000,   14.06243,   10.11998,    0.11396,   14.25592,    2.43030,    7.92263,    4.18393,   13.94167,   10.08828 
   2.14000,   14.33427,   10.08166,   -0.11950,   14.29360,    2.23609,    7.81376,    4.02016,   14.10646,   10.18488 
   2.16000,   14.22483,    9.94270,   -0.30846,   14.28430,    1.94543,    7.79230,    4.04617,   13.98764,   10.13133 
   2.18000,   14.08821,   10.12398,    0.11273,   14.27267,    1.73347,    7.81311,    4.01815,   13.90146,   10.18262 
   2.20000,   13.85097,   10.31542,    0.30154,   14.21990,    1.75188,    7.82245,    3.89192,   13.97489,   10.22886 
   2.22000,   13.73815,   10.29279,    0.17551,   14.03017,    1.86175,    7.85923,    3.70299,   14.13399,   10.18009 
   2.24000,   13.87235,   10.04917,    0.13093,   13.94794,    1.80671,    8.03131,    3.55688,   14.21921,   10.06119 
   2.26000,   14.08305,    9.84144,    0.19842,   14.04876,    1.82812,    8.17867,    3.54307,   14.12784,    9.96241 
   2.28000,   14.08805,    9.86444,    0.16669,   14.13130,    1.95438,    8.21956,    3.83451,   14.06390,   10.05226 
   2.30000,   14.00197,    9.90690,    0.07817,   14.10417,    2.09461,    8.17941,    4.25958,   14.15264,   10.17705 
   2.32000,   13.85465,    9.91653,   -0.07530,   14.04627,    2.09022,    8.01006,    4.58461,   14.11362,   10.20260 
   2.34000,   14.01804,   10.01413,   -0.11236,   14.03622,    2.06525,    7.84932,    4.75923,   14.18267,   10.17005 
   2.36000,   14.41921,   10.13533,    0.16068,   14.01320,    2.13791,    7.75923,    4.72139,   14.28173,   10.09215 
   2.38000,   14.69583,   10.19213,    0.40088,   13.95585,    2.22685,    7.79184,    4.54474,   14.26316,   10.09434 
   2.40000,   14.49990,   10.25821,    0.14917,   13.99439,    2.16395,    7.94719,    4.37043,   14.21440,   10.17332 
   2.42000,   14.49602,   10.12402,   -0.07200,   14.26403,    2.09686,    7.96991,    4.17003,   14.19540,   10.18721 
   2.44000,   14.52731,    9.90702,   -0.31220,   14.49120,    2.09823,    8.05343,    3.86764,   14.08138,   10.17127 
   2.46000,   14.40813,    9.98867,   -0.41480,   14.61405,    2.03717,    8.16037,    3.82433,   14.09147,   10.12423 
   2.48000,   14.15024,   10.30938,   -0.41996,   14.50731,    1.86476,    8.29186,    3.98837,   14.14068,   10.16553 
   2.50000,   13.97130,   10.42774,   -0.13046,   14.27800,    1.79946,    8.34346,    3.99512,   14.11609,   10.27171 
   2.52000,   14.27966,    9.93500,    0.07377,   14.14023,    1.83187,    8.18841,    3.84201,   14.12966,   10.28752 
   2.54000,   14.13210,    9.64785,    0.06943,   14.04456,    1.90578,    8.04559,    4.00106,   14.18514,    9.95711 
   2.56000,   13.27138,    9.58629,   -0.08664,   13.97645,    1.85398,    8.09887,    4.14494,   14.31303,    9.77439 
   2.58000,   13.46245,    9.80576,    0.50073,   13.96172,    1.73294,    8.10892,    4.02468,   14.32685,    9.69580 
   2.60000,   14.04338,    9.96600,    0.16521,   14.12202,    1.64227,    7.87058,    3.88473,   14.25469,    9.59115 
   2.62000,   14.60247,    9.92349,   -0.06808,   14.02324,    2.26743,    8.30266,    3.80347,   14.17842,    9.63098 
   2.64000,   14.37944,    9.70822,    0.10163,   13.90763,    2.67782,    8.70055,    3.68484,   14.16949,    9.89693 
   2.66000,   14.33383,    9.77035,    0.30606,   13.70376,    1.86829,    8.09697,    3.27945,   12.01396,   11.62171 
   2.68000,   15.07667,   10.52789,    0.40480,   13.77192,    1.53114,    8.92382,    3.86737,   10.87338,   11.45446 
   2.70000,   19.54319,    5.70030,    0.19257,   11.79472,    7.08017,    8.72163,    4.78999,   10.02302,   11.87086 
   2.72000,   23.33062,   -6.76177,  -13.14741,   10.07583,   12.40133,    9.86812,   12.48115,    8.38854,    8.71519 
   2.74000,   27.42123,  -19.15660,  -26.42562,    8.42981,   17.62340,   14.66421,   18.50773,    6.56186,    2.41220 
   2.76000,   33.35664,  -32.42384,  -37.65867,    9.47869,   21.15451,   26.82232,   28.20762,    1.64017,   -6.03416 
   2.78000,   46.77747,  -45.11684,  -33.53515,    7.28197,   24.35525,   39.70623,   35.61467,   -5.10787,  -14.99212 
   2.80000,   64.75398,  -55.95396,  -31.90549,   -1.28650,   24.38491,   52.06881,   40.19053,  -12.85499,  -22.08997 
   2.82000,   82.73660,  -67.53792,  -29.43824,   -8.41339,   26.54006,   63.79720,   43.60425,  -21.05891,  -30.12627 
   2.84000,  100.52175,  -83.24599,  -26.52287,  -16.00830,   28.58276,   75.68351,   45.76095,  -28.74100,  -42.98220 
   2.86000,  117.56262,  -99.03919,  -21.54148,  -24.74566,   29.91732,   85.43751,   48.35942,  -35.51468,  -53.78284 
   2.88000,  131.31438, -113.60947,  -16.52253,  -30.25304,   29.94670,   90.52668,   52.18791,  -40.73092,  -66.18047 
   2.90000,  149.36440, -124.05189,  -10.71748,  -36.46579,   25.41595,   94.89876,   56.26796,  -43.01923,  -78.62230 
   2.92000,  167.14090, -133.90151,   -6.21460,  -33.41527,   18.71928,  101.49568,   61.03215,  -45.41877,  -91.13019 
   2.94000,  188.11989, -141.77836,   -4.48838,  -27.69421,   11.04129,  109.99599,   63.70147,  -45.53039, -102.57030 
   2.96000,  209.25295, -148.38198,   -5.45351,  -25.43396,   10.18931,  121.95357,   65.71181,  -52.28762, -114.71995 
   2.98000,  234.14092, -158.06872,   -3.71204,  -20.97993,   13.63813,  128.86109,   64.44869,  -60.59040, -125.75971 
   3.00000,  264.31788, -167.89874,    0.21381,  -14.49899,   23.98996,  131.59666,   64.23528,  -67.26242, -137.09223 
   3.02000,  297.17602, -176.47864,    5.29264,   -6.11707,   33.38587,  136.85789,   61.81988,  -71.80699, -147.36856 
   3.04000,  331.51130, -186.34855,    9.37439,   11.07381,   41.15996,  150.11342,   58.97452,  -77.22133, -158.48785 
   3.06000,  363.26369, -197.44652,   14.40873,   26.89523,   44.67101,  160.06201,   55.81360,  -83.59052, -174.12827 
   3.08000,  399.54251, -205.80785,   19.10247,   42.69490,   48.82826,  171.57222,   53.35308,  -89.79809, -187.96581 
   3.10000,  439.27406, -215.07442,   23.54477,   63.66504,   56.68616,  182.80744,   52.82779,  -94.48036, -200.35551 
   3.12000,  483.21038, -227.93263,   30.49459,   84.57856,   63.02050,  188.51066,   41.59638,  -95.70179, -215.33904 
   3.14000,  535.23904, -242.33033,   38.66021,  117.34549,   64.72535,  187.04580,   24.39139,  -93.75167, -228.72315 
   3.16000,  587.43619, -257.05218,   47.23836,  139.32908,   60.37297,  173.23472,   -0.98026,  -91.43537, -234.90205 
   3.18000,  642.60816, -268.35812,   59.74956,  155.11962,   51.69261,  161.04451,  -23.68036,  -87.93704, -240.18127 
   3.20000,  702.69351, -279.69261,   69.95297,  172.16190,   43.35802,  149.05683,  -46.09484,  -83.25392, -245.48748 
   3.22000,  766.38830, -295.22348,   73.11320,  188.77271,   34.45189,  132.99773,  -67.22868,  -75.16092, -249.39071 
   3.24000,  837.55293, -311.96126,   72.66869,  207.17271,   26.09473,  117.85527,  -89.49715,  -67.48219, -255.45063 
   3.26000,  907.52265, -330.36736,   73.15780,  228.86728,   15.18879,  104.94305, -111.12422,  -62.08770, -264.23736 
   3.28000,  978.11017, -351.14963,   75.73982,  248.36222,    5.91246,   90.68076, -132.57719,  -57.09097, -272.91102 
   3.30000, 1049.66324, -372.51493,   79.30160,  267.98255,   -3.39008,   71.38843, -153.48209,  -53.84214, -278.24541 
   3.32000, 1118.11116, -393.00776,   81.97296,  285.93805,  -15.18620,   53.16204, -173.63212,  -49.05549, -284.89663 
   3.34000, 1187.63819, -416.12124,   80.65292,  305.21147,  -33.37659,   26.85423, -191.55578,  -44.23533, -289.87046 
   3.36000, 1256.85171, -439.50797,   81.82566,  324.32697,  -55.34621,   -0.11973, -208.62919,  -39.79803, -294.15661 
   3.38000, 1326.26534, -462.80232,   82.92122,  345.99430,  -77.17074,  -30.26748, -226.47223,  -35.43441, -294.47358 
   3.40000, 1393.56267, -490.67992,   84.89135,  373.75935,  -96.08611,  -65.16972, -235.82396,  -24.66228, -298.20464 
   3.42000, 1463.32907, -515.53161,   81.76028,  401.70934, -116.89503,  -99.83965, -244.99360,  -14.03938, -300.10162 
   3.44000, 1533.42315, -541.71451,   77.67609,  429.76112, -139.02422, -129.28501, -252.00406,   -2.82534, -292.26591 
   3.46000, 1604.05295, -570.21703,   73.81810,  452.99884, -157.67805, -163.80702, -262.93475,    6.06141, -290.88466 
   3.48000, 1669.92127, -604.61200,   70.81530,  477.40938, -177.98550, -199.97738, -274.77219,   15.53478, -294.64228 
   3.50000, 1734.71938, -637.70945,   66.66041,  503.28582, -201.22731, -236.24136, -285.51827,   25.45249, -298.00753 
   3.52000, 1799.24736, -670.89475,   60.86704,  520.27108, -224.96828, -277.77270, -293.33830,   38.48289, -305.23759 
   3.54000, 1862.47368, -700.78864,   53.70641,  536.55946, -251.17162, -319.94991, -302.29612,   52.46691, -312.03112 
   3.56000, 1925.30693, -731.47355,   46.71743,  531.28001, -292.86070, -364.24314, -308.82313,   63.40372, -323.14618 
   3.58000, 1987.01188, -764.54597,   39.65419,  528.18858, -335.59522, -409.91204, -321.21138,   72.76332, -332.93132 
   3.60000, 2052.64398, -798.05133,   31.74789,  525.21919, -377.44261, -455.88176, -332.83101,   75.72365, -347.64692 
   3.62000, 2117.25930, -832.99759,   29.74817,  521.27289, -418.50842, -503.18507, -342.69590,   78.83297, -361.64651 
   3.64000, 2181.58732, -870.65899,   29.36921,  518.03205, -462.59239, -550.82726, -347.78162,   81.95586, -375.49754 
   3.66000, 2242.23031, -907.26570,   30.62901,  514.72755, -506.18178, -598.35320, -355.19965,   78.80472, -398.88272 
   3.68000, 2300.68163, -946.87086,   35.61244,  513.16810, -548.25538, -643.71625, -364.03497,   67.96730, -419.31060 
   3.70000, 2359.06441, -997.09171,   39.80625,  511.71571, -590.44072, -689.06915, -374.93318,   55.76762, -439.70070 
   3.72000, 2420.72966, -1044.31692,   43.63969,  509.97616, -632.27331, -733.95786, -386.32223,   42.99856, -456.12133 
   3.74000, 2483.58745, -1085.61688,   51.85486,  513.73962, -670.63156, -778.65635, -398.17302,   24.59921, -473.06459 
   3.76000, 2545.29288, -1127.32191,   61.33915,  517.82364, -709.26705, -822.77273, -399.49720,    7.56716, -488.00559 
   3.78000, 2607.26680, -1169.20450,   71.68647,  521.40739, -745.12114, -865.46315, -400.99114,   -9.04506, -503.08497 
   3.80000, 2666.99432, -1221.53575,   86.87899,  524.49575, -785.97425, -908.59394, -403.89633,  -25.13540, -512.71958 
   3.82000, 2726.18544, -1272.94393,  103.83068,  528.32657, -834.30360, -953.89674, -405.89672,  -39.51508, -526.33280 
   3.84000, 2786.17371, -1321.65726,  124.76204,  532.10095, -882.71543, -999.11943, -405.89881,  -50.61327, -539.10602 
   3.86000, 2845.46726, -1362.21310,  142.50019,  535.18155, -930.99229, -1044.27709, -405.98411,  -59.47496, -551.89100 
   3.88000, 2902.06322, -1400.65346,  160.51219,  538.43075, -977.15556, -1088.62248, -405.48677,  -70.90769, -567.51566 
   3.90000, 2955.85250, -1440.86332,  180.96183,  541.36812, -1024.19533, -1132.11357, -370.81051, -116.29630, -585.43631 
   3.92000, 3011.96754, -1479.87376,  198.93312,  541.99055, -1067.46957, -1180.26674, -338.37143, -160.77387, -604.92111 
   3.94000, 3071.82372, -1519.46847,  219.57950,  544.51978, -1113.36023, -1225.86023, -307.24517, -205.86833, -618.22835 
   3.96000, 3132.19610, -1559.07849,  239.47672,  548.54822, -1159.15024, -1273.78666, -274.62075, -250.56153, -633.98496 
   3.98000, 3193.74635, -1602.37432,  261.27488,  551.26551, -1202.99818, -1319.84899, -241.74798, -295.26326, -649.73647 
   4.00000, 3256.41374, -1647.36857,  282.34454,  555.47534, -1248.16390, -1361.88098, -211.43475, -341.62433, -667.34899 
   4.02000, 3319.25439, -1694.74866,  297.19601,  554.04787, -1292.30802, -1402.48006, -186.17077, -383.73180, -694.62357 
   4.04000, 3382.55494, -1744.20269,  304.29141,  553.76423, -1336.17085, -1444.67686, -159.07456, -424.38334, -719.38253 
   4.06000, 3444.41829, -1794.54307,  313.97250,  554.87412, -1379.90556, -1486.46373, -125.05623, -464.67692, -743.04251 
   4.08000, 3502.60121, -1845.77636,  326.60572,  556.49406, -1421.72317, -1527.95885,  -90.99342, -502.85313, -764.22872 
   4.10000, 3560.95170, -1901.45770,  341.03299,  558.43588, -1467.95311, -1566.49779,  -55.66606, -543.29393, -791.79020 
   4.12000, 3614.27178, -1955.70234,  354.02984,  560.07700, -1514.50481, -1605.08012,  -23.06320, -585.54865, -830.87743 
   4.14000, 3664.00152, -2014.61997,  369.82128,  559.67649, -1562.05078, -1646.48803,    9.75667, -627.50086, -870.00560 
   4.16000, 3715.63424, -2077.55959,  386.33882,  561.33115, -1613.99224, -1691.44204,   43.74024, -668.71243, -910.41963 
   4.18000, 3744.00795, -2120.94630,  437.00466,  570.60028, -1672.51912, -1745.25821,   80.43483, -709.59174, -951.47552 
   4.20000, 3768.29770, -2157.88076,  486.66217,  579.34914, -1730.16004, -1799.21726,  117.42943, -750.94790, -994.60647 
   4.22000, 3760.65113, -2213.53026,  539.53085,  589.39207, -1785.86386, -1855.00199,  155.65556, -794.26286, -1033.67345 
   4.24000, 3753.78393, -2269.86113,  591.56859,  601.55001, -1834.84423, -1908.02962,  193.03323, -833.51887, -1073.27790 
   4.26000, 3745.98806, -2323.92526,  640.35495,  602.26552, -1882.24023, -1957.35486,  230.27957, -875.97533, -1112.12947 
   4.28000, 3731.59199, -2380.42092,  682.69514,  600.27269, -1923.51814, -2007.21728,  262.66907, -918.61989, -1153.95715 
   4.30000, 3717.13857, -2437.72659,  710.96729,  596.89246, -1968.24923, -2061.75505,  290.12581, -957.79656, -1192.57180 
   4.32000, 3704.74962, -2496.07391,  737.16528,  591.65145, -2008.91072, -2117.32161,  318.30464, -998.69338, -1230.01076 
   4.34000, 3691.26851, -2555.62164,  764.54554,  579.69807, -2053.98608, -2168.16897,  345.26812, -1036.05260, -1265.62824 
   4.36000, 3685.90878, -2611.43518,  795.32293,  566.47526, -2098.37311, -2217.45666,  374.84698, -1071.66348, -1301.93240 
   4.38000, 3682.82007, -2667.43592,  819.41787,  554.14439, -2140.38618, -2268.15997,  409.71676, -1108.92212, -1337.70072 
   4.40000, 3682.13916, -2722.60222,  842.29365,  543.72713, -2177.77513, -2315.21317,  444.62881, -1147.17462, -1371.62947 
   4.42000, 3682.29074, -2777.42060,  864.55147,  533.04420, -2213.28082, -2363.34481,  484.34851, -1184.89144, -1405.43842 
   4.44000, 3684.65607, -2833.23473,  886.89566,  525.24027, -2251.57363, -2409.36415,  523.64049, -1222.21834, -1440.40386 
   4.46000, 3686.24565, -2885.72292,  911.35914,  516.46329, -2290.07071, -2455.24929,  568.54750, -1269.32872, -1479.69888 
   4.48000, 3684.89903, -2938.16909,  940.99239,  502.91645, -2331.49704, -2505.99285,  612.49932, -1316.46903, -1518.37319 
   4.50000, 3682.97006, -2990.05783,  970.17834,  485.08131, -2372.57023, -2557.75413,  656.94508, -1363.30801, -1557.23403 
   4.52000, 3684.61749, -3041.94439, 1002.07392,  464.84039, -2415.83650, -2608.99854,  695.35059, -1414.41222, -1596.20179 
   4.54000, 3683.27292, -3090.09578, 1033.62812,  441.90223, -2460.33398, -2656.90127,  730.22474, -1466.83866, -1633.99041 
   4.56000, 3684.53758, -3137.52293, 1062.73924,  427.21587, -2503.34007, -2707.81564,  763.74102, -1517.42561, -1672.49380 
   4.58000, 3686.93455, -3184.72899, 1090.31037,  416.54724, -2544.02858, -2752.71795,  804.34038, -1566.17502, -1708.68266 
   4.60000, 3689.65855, -3231.47902, 1118.19314,  404.49682, -2575.47552, -2797.44785,  840.12460, -1609.92203, -1737.76720 
   4.62000, 3686.21273, -3275.69259, 1149.51684,  391.39508, -2605.77652, -2839.72697,  875.98289, -1653.68275, -1772.23744 
   4.64000, 3685.25390, -3320.35790, 1182.11876,  373.01065, -2637.93603, -2885.58135,  910.07176, -1697.17803, -1797.21818 
   4.66000, 3690.87518, -3362.68148, 1212.74925,  357.09804, -2669.34285, -2928.18005,  944.48145, -1741.93750, -1820.09140 
   4.68000, 3699.05998, -3408.21560, 1243.72994,  340.29805, -2695.96592, -2971.19509,  982.49045, -1784.11296, -1835.75801 
   4.70000, 3707.95069, -3454.79242, 1277.45879,  321.20831, -2718.62556, -3012.79903, 1020.84549, -1827.33070, -1854.45229 
   4.72000, 3716.74304, -3498.31439, 1312.37500,  303.02078, -2737.53851, -3052.99884, 1059.64561, -1871.06131, -1873.38658 
   4.74000, 3727.20555, -3539.46583, 1347.34942,  291.68091, -2757.39208, -3097.40995, 1096.04168, -1913.64791, -1887.70481 
   4.76000, 3737.54054, -3581.27602, 1382.31546,  277.10704, -2774.56972, -3140.90334, 1132.44473, -1958.31063, -1901.74806 
   4.78000, 3747.23388, -3615.39981, 1416.76122,  262.34464, -2790.86611, -3183.60704, 1171.55187, -2004.35291, -1918.35020 
   4.80000, 3759.61617, -3651.94591, 1452.75110,  241.40183, -2808.61206, -3226.45393, 1211.29349, -2050.22347, -1935.56126 
   4.82000, 3772.09259, -3686.24922, 1491.78260,  215.32642, -2828.41595, -3270.20433, 1251.35347, -2095.21534, -1951.72376 
   4.84000, 3785.48643, -3721.67501, 1532.02332,  191.34132, -2845.36823, -3317.30203, 1291.53611, -2139.61370, -1968.59722 
   4.86000, 3800.10165, -3756.77142, 1562.77789,  161.90693, -2872.49213, -3368.55434, 1328.03115, -2181.40590, -1983.48886 
   4.88000, 3813.57509, -3789.09413, 1588.42103,  129.47904, -2898.81700, -3420.96056, 1364.62627, -2229.46675, -1998.76149 
   4.90000, 3826.88601, -3823.75245, 1617.37370,   96.95731, -2925.44519, -3475.71064, 1400.16365, -2278.43755, -2014.31056 
   4.92000, 3843.74481, -3861.34106, 1643.11165,   60.58602, -2950.38184, -3528.48456, 1438.12663, -2327.05062, -2027.37461 
   4.94000, 3863.10227, -3899.02723, 1663.70487,   26.55467, -2978.35005, -3579.58040, 1474.92410, -2374.27837, -2041.21671 
   4.96000, 3883.83897, -3939.41608, 1687.78867,  -10.06461, -3005.86804, -3634.46284, 1511.59507, -2421.43993, -2054.44180 
   4.98000, 3905.55718, -3979.83644, 1712.48639,  -47.09579, -3036.11740, -3687.00780, 1548.98844, -2468.64958, -2071.11674 
   5.00000, 3923.50398, -4018.43284, 1732.09671,  -83.05120, -3067.37761, -3740.81825, 1588.47615, -2514.42939, -2087.60994 
   5.02000, 3941.64491, -4060.42563, 1748.48162, -118.63251, -3099.18949, -3793.30662, 1625.77441, -2560.13284, -2103.43895 
   5.04000, 3957.98852, -4102.94726, 1765.57121, -199.85818, -3118.90391, -3838.28850, 1666.43286, -2609.25128, -2121.38869 
   5.06000, 3970.69478, -4144.30967, 1779.33692, -278.00867, -3135.73698, -3885.53585, 1707.00861, -2658.18592, -2139.03031 
   5.08000, 3983.65502, -4179.43144, 1796.01940, -350.28596, -3152.04178, -3930.71836, 1750.24466, -2710.00011, -2157.99538 
   5.10000, 3999.56946, -4225.43192, 1815.41637, -419.14669, -3169.38302, -3978.28268, 1795.91545, -2759.04871, -2175.61512 
   5.12000, 4007.81512, -4268.74874, 1829.90440, -480.19517, -3184.75209, -4022.00866, 1846.18599, -2809.47471, -2194.02347 
   5.14000, 4017.90883, -4311.67706, 1843.90430, -544.15905, -3198.93797, -4068.42728, 1896.28990, -2860.50029, -2211.04114 
   5.16000, 4028.24833, -4355.33563, 1857.66678, -607.73189, -3211.95262, -4115.70754, 1944.20224, -2913.82849, -2224.68991 
   5.18000, 4034.17288, -4394.12517, 1876.31854, -671.69043, -3225.31936, -4162.65604, 1993.67809, -2967.51243, -2237.00996 
   5.20000, 4045.90173, -4433.38735, 1893.31009, -741.53151, -3237.66849, -4205.65278, 2060.56377, -3012.80856, -2260.29176 
   5.22000, 4053.48803, -4478.01486, 1901.47235, -811.20910, -3251.80451, -4247.34601, 2124.80061, -3057.44340, -2289.56707 
   5.24000, 4067.82166, -4521.89645, 1909.20824, -880.12854, -3264.96180, -4288.29513, 2184.13430, -3100.65965, -2317.05752 
   5.26000, 4080.18922, -4561.25908, 1909.58979, -945.62032, -3281.48516, -4328.70485, 2247.21137, -3142.29142, -2349.50309 
   5.28000, 4091.46643, -4598.43664, 1904.83796, -1011.35550, -3298.07273, -4369.28195, 2309.47899, -3183.55725, -2382.07167 
   5.30000, 4101.60534, -4637.06271, 1900.23698, -1076.39671, -3317.31512, -4406.64938, 2371.49202, -3224.80606, -2415.26647 
   5.32000, 4106.45406, -4678.59279, 1893.27149, -1145.74131, -3339.82115, -4444.34485, 2429.14363, -3270.07022, -2449.36541 
   5.34000, 4108.02484, -4718.47743, 1890.52159, -1216.33804, -3360.71416, -4482.30843, 2489.30813, -3312.37692, -2481.23886 
   5.36000, 4116.25411, -4761.17969, 1888.42900, -1289.93068, -3376.48304, -4527.20736, 2542.62118, -3356.32873, -2508.74233 
   5.38000, 4121.38016, -4798.44109, 1882.22932, -1364.77546, -3393.53630, -4571.71720, 2604.95281, -3397.74469, -2514.33134 
   5.40000, 4120.18479, -4828.62727, 1878.03472, -1441.20167, -3408.23485, -4613.82363, 2665.75133, -3438.50890, -2518.22693 
   5.42000, 4118.73331, -4857.46617, 1874.24172, -1517.46219, -3423.35981, -4655.54617, 2720.21315, -3487.85318, -2522.16806 
   5.44000, 4119.32284, -4887.89308, 1869.94017, -1593.63555, -3435.32354, -4695.83303, 2737.52859, -3549.92731, -2482.80306 
   5.46000, 4127.08677, -4917.78068, 1862.60863, -1670.69723, -3448.60298, -4737.15219, 2753.05170, -3618.57533, -2443.67585 
   5.48000, 4133.11718, -4946.61743, 1855.42605, -1746.53517, -3457.13316, -4780.67885, 2770.60837, -3680.85064, -2393.80249 
   5.50000, 4139.55448, -4979.00886, 1845.65931, -1822.28580, -3467.54808, -4821.02668, 2791.24418, -3741.75468, -2346.57348 
   5.52000, 4146.15184, -5012.12710, 1836.86952, -1898.15920, -3477.76276, -4861.37331, 2811.21075, -3801.63464, -2299.93006 
   5.54000, 4154.10943, -5047.72494, 1822.91403, -1974.49293, -3485.33431, -4898.67948, 2853.43929, -3865.85507, -2258.76559 
   5.56000, 4161.78109, -5084.33483, 1808.18239, -2053.56795, -3500.35361, -4940.67752, 2893.23872, -3929.95988, -2219.29914 
   5.58000, 4392.27605, -5297.28044, 1894.45645, -2129.90000, -3513.08169, -4980.66436, 2932.93248, -3992.93735, -2180.70080 
   5.60000, 4621.41537, -5512.05876, 1977.16101, -2207.70159, -3523.60563, -5020.34071, 2971.72265, -4054.36128, -2138.74514 
   5.62000, 4849.53990, -5726.16140, 2061.37021, -2285.70627, -3534.19670, -5060.05977, 3010.83070, -4117.73481, -2099.03187 
   5.64000, 5080.44307, -5940.42891, 2142.88277, -2364.85691, -3546.59961, -5098.37962, 3050.79292, -4178.21491, -2056.06870 
   5.66000, 5310.98518, -6149.96058, 2220.74669, -2449.31215, -3553.09120, -5132.72304, 3090.67520, -4240.18396, -2012.60526 
   5.68000, 5540.93472, -6357.09640, 2300.13776, -2534.56725, -3560.17248, -5167.72788, 3130.20308, -4299.69354, -1966.53519 
   5.70000, 5772.95622, -6565.05830, 2377.43166, -2615.26009, -3567.36204, -5200.49759, 3171.92663, -4360.19569, -1919.71437 
   5.72000, 6005.06190, -6773.16678, 2454.65800, -2697.33658, -3575.24701, -5232.94997, 3214.61110, -4419.70177, -1873.41206 
   5.74000, 6237.44393, -6979.41978, 2532.52291, -2779.81627, -3583.62679, -5265.71591, 3256.56989, -4479.80999, -1827.46509 
   5.76000, 6468.58901, -7187.73650, 2608.27256, -2862.64329, -3591.71405, -5298.84537, 3298.69522, -4539.93633, -1781.70573 
   5.78000, 6698.42450, -7396.56888, 2684.64004, -2943.06567, -3595.45011, -5330.32448, 3341.58463, -4599.00944, -1745.08753 
   5.80000, 6928.34386, -7605.53251, 2760.83286, -3027.44157, -3604.88760, -5360.34790, 3384.36593, -4657.72686, -1707.98981 
   5.82000, 7156.04813, -7810.36400, 2834.27785, -3112.08359, -3612.33505, -5392.33085, 3428.90138, -4722.62474, -1670.48755 
   5.84000, 7373.33921, -8024.08986, 2903.00400, -3198.21732, -3624.45417, -5424.65384, 3464.76522, -4789.95252, -1631.61551 
   5.86000, 7591.21053, -8237.72334, 2969.22511, -3278.89670, -3630.48916, -5452.67803, 3499.30878, -4854.05407, -1589.97828 
   5.88000, 7805.74872, -8451.89147, 3042.65170, -3360.05755, -3641.08283, -5481.38943, 3535.18696, -4915.64579, -1545.56131 
   5.90000, 8020.35002, -8666.32171, 3116.53611, -3443.33522, -3652.00131, -5508.47074, 3568.70652, -4975.75475, -1503.89844 
   5.92000, 8234.68383, -8881.08464, 3189.25848, -3525.51269, -3661.37481, -5537.10770, 3599.38681, -5038.15613, -1463.02865 
   5.94000, 8449.10147, -9095.91843, 3262.29549, -3602.37913, -3676.85326, -5562.27900, 3630.37468, -5096.06790, -1433.37735 
   5.96000, 8667.60432, -9312.95032, 3340.51387, -3677.00506, -3689.48681, -5590.48029, 3661.51041, -5153.87292, -1404.27828 
   5.98000, 8886.43565, -9530.44743, 3418.41054, -3755.21081, -3704.35795, -5619.32774, 3695.02393, -5209.67548, -1375.21093 
   6.00000, 9107.11137, -9747.29451, 3495.94222, -3833.81654, -3717.45647, -5648.79819, 3724.86025, -5260.42116, -1342.88437 
   6.02000, 9341.84771, -9990.45035, 3574.45497, -3910.97377, -3729.86926, -5676.54236, 3750.27778, -5295.27077, -1306.09437 
   6.04000, 9569.08246, -10231.53987, 3661.71945, -3988.39413, -3742.71917, -5703.81346, 3775.86230, -5331.13340, -1268.85438 
   6.06000, 9787.64706, -10467.61541, 3745.99047, -4065.22889, -3756.10311, -5732.51658, 3797.83019, -5368.70043, -1234.74209 
   6.08000, 10009.08028, -10706.14779, 3825.09158, -4142.10589, -3771.35889, -5758.68973, 3820.58830, -5407.60869, -1199.60638 
   6.10000, 10230.12550, -10946.74408, 3904.92919, -4217.31344, -3787.27024, -5780.30662, 3845.59211, -5450.79273, -1159.21526 
   6.12000, 10448.53210, -11190.06620, 3984.04552, -4296.21042, -3802.75777, -5795.61924, 3871.76374, -5492.75920, -1118.83309 
   6.14000, 10667.01159, -11434.22631, 4062.95033, -4380.74888, -3830.52738, -5809.86775, 3904.60112, -5532.10975, -1073.90483 
   6.16000, 10887.98162, -11678.20512, 4141.74896, -4465.83947, -3861.16301, -5826.37805, 3937.60513, -5571.61475, -1028.71533 
   6.18000, 11108.40217, -11919.22875, 4218.08366, -4544.66307, -3890.90045, -5837.10432, 3967.78524, -5614.89300, -982.69758 
   6.20000, 11324.16108, -12165.12607, 4299.31669, -4622.90792, -3920.16106, -5848.83366, 3998.56797, -5658.59242, -937.44642 
   6.22000, 11540.16340, -12410.93072, 4378.58669, -4701.03665, -3949.40170, -5860.28381, 4030.31595, -5702.33632, -892.06320 
   6.24000, 11758.55770, -12661.77583, 4461.60464, -4779.11673, -3977.81325, -5870.55222, 4060.90703, -5743.15067, -851.03268 
   6.26000, 11975.13729, -12916.31215, 4546.93952, -4854.78305, -4004.63979, -5880.01624, 4098.06175, -5777.80427, -806.93559 
   6.28000, 12194.84696, -13170.18478, 4634.37392, -4929.46568, -4030.27126, -5891.13122, 4136.08175, -5799.99497, -763.93082 
   6.30000, 12414.61740, -13423.23264, 4724.37338, -5005.28331, -4057.02106, -5903.82037, 4174.42711, -5823.29196, -723.93780 
   6.32000, 12629.16197, -13670.08502, 4814.71149, -5081.42475, -4084.21375, -5917.26071, 4213.18300, -5847.11915, -683.50072 
   6.34000, 12846.44302, -13916.99234, 4902.56159, -5157.44612, -4112.83705, -5932.11201, 4256.57102, -5876.05651, -646.83894 
   6.36000, 13061.28391, -14163.22398, 4992.52668, -5230.46068, -4133.58028, -5948.55054, 4295.77997, -5901.77566, -615.09691 
   6.38000, 13277.28069, -14418.78696, 5079.71860, -5299.39746, -4155.33861, -5964.37231, 4336.09244, -5926.47983, -581.61890 
   6.40000, 13497.61071, -14675.52909, 5163.34712, -5369.84324, -4179.88045, -5978.00683, 4376.04930, -5951.63312, -548.71916 
   6.42000, 13714.69944, -14936.36853, 5244.49817, -5441.31841, -4208.74595, -5992.52939, 4418.99506, -5975.38377, -514.53771 
   6.44000, 13933.95331, -15191.19245, 5320.07178, -5510.23175, -4240.50396, -6004.57045, 4461.84655, -5991.15249, -481.43134 
   6.46000, 14153.94676, -15444.35790, 5396.47563, -5575.55192, -4270.72778, -6018.56167, 4503.72417, -6007.32789, -448.52938 
   6.48000, 14373.15935, -15697.06167, 5472.57634, -5641.75197, -4295.98228, -6030.73862, 4546.48890, -6029.97127, -418.71870 
   6.50000, 14591.52042, -15948.74461, 5550.93840, -5708.95834, -4320.87046, -6039.67990, 4588.42897, -6053.87750, -389.59298 
   6.52000, 14813.71113, -16200.66144, 5630.55345, -5788.13289, -4313.71888, -6047.87783, 4630.87824, -6082.77302, -362.65336 
   6.54000, 15029.22258, -16453.45040, 5705.01453, -5866.29462, -4307.03051, -6053.18546, 4673.50042, -6111.77667, -334.90754 
   6.56000, 15244.34008, -16705.83998, 5779.56606, -5949.32018, -4303.47092, -6050.76378, 4715.46824, -6151.43016, -307.42628 
   6.58000, 15457.73472, -16960.37461, 5852.89136, -6032.29869, -4294.43779, -6048.64066, 4757.87245, -6190.39694, -278.60384 
   6.60000, 15669.13111, -17214.41308, 5922.69490, -6114.81854, -4285.19145, -6047.15509, 4802.91594, -6226.93822, -250.84424 
   6.62000, 15879.56718, -17470.31744, 5993.95977, -6196.83140, -4275.97597, -6046.18621, 4848.32365, -6265.03869, -216.34933 
   6.64000, 16092.38364, -17726.31980, 6064.86202, -6275.36632, -4266.26528, -6047.43561, 4894.60501, -6302.12977, -185.72620 
   6.66000, 16306.07298, -17983.26329, 6134.43040, -6354.78004, -4261.13877, -6051.30676, 4940.69494, -6332.97161, -160.70205 
   6.68000, 16528.08582, -18242.84700, 6200.03573, -6438.44221, -4262.64027, -6059.25418, 4988.39592, -6356.21080, -132.55679 
   6.70000, 16750.41042, -18501.74205, 6265.79909, -6522.71995, -4264.59319, -6066.68529, 5039.75648, -6371.12118, -106.15689 
   6.72000, 16972.29469, -18760.35938, 6330.09504, -6607.84943, -4265.69764, -6078.60697, 5092.10562, -6386.41545,  -79.90984 
   6.74000, 17194.18291, -19019.97347, 6394.54018, -6693.76691, -4267.28445, -6091.06258, 5141.96973, -6395.13526,  -48.86346 
   6.76000, 17416.13000, -19279.01679, 6458.92763, -6778.42629, -4267.91689, -6103.53376, 5193.47463, -6406.23241,  -17.21209 
   6.78000, 17630.47601, -19538.30396, 6525.24737, -6862.98103, -4269.28415, -6116.15793, 5249.16278, -6416.73168,   14.13565 
   6.80000, 17846.18906, -19796.82684, 6590.76809, -6946.63528, -4264.75044, -6125.33291, 5304.57662, -6427.15100,   47.50197 
   6.82000, 18060.73559, -20056.49565, 6655.64378, -7030.98050, -4259.68978, -6133.49099, 5359.54845, -6440.95640,   85.73526 
   6.84000, 18275.03914, -20324.69314, 6712.89821, -7114.61970, -4255.23278, -6140.62776, 5417.30448, -6451.10656,  123.27948 
   6.86000, 18489.13867, -20593.39812, 6770.31856, -7196.33175, -4251.27877, -6140.65308, 5474.30719, -6460.39789,  160.45372 
   6.88000, 18702.96840, -20862.58255, 6827.77256, -7276.38983, -4247.71209, -6139.19376, 5531.32056, -6469.75058,  200.34751 
   6.90000, 18917.15621, -21129.08727, 6883.63160, -7356.26367, -4244.39212, -6137.53447, 5586.49378, -6479.80371,  243.09114 
   6.92000, 19136.38101, -21395.31752, 6942.25393, -7435.02618, -4244.50688, -6139.14422, 5640.23713, -6486.43530,  289.35919 
   6.94000, 19353.16173, -21662.49381, 7003.66037, -7506.23390, -4244.42860, -6148.44229, 5693.20448, -6492.39675,  334.86272 
   6.96000, 19588.80996, -21933.14609, 7086.40814, -7575.52504, -4246.69986, -6158.54729, 5746.47874, -6498.13573,  380.39951 
   6.98000, 19824.91356, -22205.95540, 7176.09359, -7643.34807, -4248.64851, -6168.61411, 5800.68215, -6505.89685,  425.17566 
   7.00000, 20051.72531, -22485.98408, 7270.85191, -7709.66346, -4247.93994, -6189.38013, 5852.92200, -6518.69684,  476.50956 
   7.02000, 20276.15651, -22765.01029, 7365.18956, -7780.22588, -4247.19209, -6207.69392, 5903.58421, -6538.63500,  522.56855 
   7.04000, 20496.28643, -23041.29173, 7457.84088, -7848.56124, -4246.41387, -6225.97514, 5953.92890, -6561.65127,  567.40257 
   7.06000, 20716.70616, -23320.08391, 7552.79269, -7916.55296, -4245.78050, -6244.18644, 6005.91562, -6592.41938,  610.96037 
   7.08000, 20944.31538, -23602.47474, 7652.68517, -7983.40443, -4243.92019, -6261.97360, 6062.80446, -6618.67939,  651.08003 
   7.10000, 21169.15076, -23879.84996, 7748.08227, -8060.45278, -4242.26659, -6279.87843, 6126.79214, -6642.03659,  688.07026 
   7.12000, 21394.44746, -24157.70452, 7842.23819, -8129.06827, -4242.35648, -6295.98683, 6187.51854, -6667.67712,  725.16699 
   7.14000, 21613.40041, -24426.24238, 7939.32174, -8199.20339, -4245.11662, -6308.19460, 6250.35741, -6692.38327,  761.61318 
   7.16000, 21833.24503, -24695.76796, 8038.19949, -8268.29408, -4248.54772, -6320.06730, 6314.33513, -6717.83924,  798.68511 
   7.18000, 22054.87016, -24965.39980, 8138.56907, -8338.98305, -4255.80573, -6332.65904, 6378.38318, -6741.49794,  828.84733 
   7.20000, 22275.31754, -25235.48282, 8238.40582, -8410.17348, -4261.34287, -6338.91996, 6437.34074, -6766.90294,  861.03653 
   7.22000, 22487.35224, -25500.88530, 8331.06378, -8500.28799, -4265.29122, -6346.90026, 6496.75359, -6790.65613,  893.40143 
   7.24000, 22699.20642, -25767.82275, 8422.65403, -8585.13639, -4272.04061, -6355.57977, 6552.18369, -6818.72641,  923.22086 
   7.26000, 22914.47897, -26031.37682, 8517.87335, -8668.16433, -4280.08756, -6364.72220, 6603.89913, -6855.87345,  952.98280 
   7.28000, 23132.37735, -26290.30154, 8613.61421, -8750.44347, -4281.04660, -6373.80324, 6653.97541, -6892.57132,  984.76048 
   7.30000, 23358.80669, -26549.11087, 8707.14748, -8836.94462, -4283.35064, -6378.54124, 6704.04486, -6928.81645, 1017.00746 
   7.32000, 23584.16405, -26809.54402, 8801.49048, -8925.39232, -4286.29365, -6383.63916, 6751.45158, -6966.58032, 1051.08161 
   7.34000, 23811.40394, -27070.40473, 8893.90245, -9017.21471, -4293.11939, -6391.73133, 6795.73037, -7002.16871, 1082.06749 
   7.36000, 24038.70136, -27330.03941, 8992.86923, -9109.17681, -4299.36397, -6399.53823, 6842.66712, -7041.25954, 1115.93119 
   7.38000, 24265.83558, -27588.87950, 9092.12422, -9199.84807, -4305.02082, -6406.33400, 6888.00042, -7088.07891, 1158.13767 
   7.40000, 24495.65289, -27845.48427, 9189.34338, -9289.88828, -4307.66750, -6418.51169, 6933.69582, -7137.28648, 1201.08309 
   7.42000, 24726.56850, -28102.95333, 9288.04540, -9379.93034, -4309.66302, -6428.87551, 6980.75564, -7190.93190, 1243.86814 
   7.44000, 24959.26998, -28359.19100, 9387.60973, -9471.90531, -4311.34349, -6440.78726, 7025.84131, -7243.55622, 1281.13625 
   7.46000, 25192.20929, -28625.01134, 9485.14030, -9567.13378, -4318.07822, -6451.30581, 7072.77970, -7294.02436, 1321.51381 
   7.48000, 25427.02290, -28890.72706, 9580.32902, -9662.77526, -4325.84738, -6460.87764, 7120.57732, -7344.62966, 1361.56989 
   7.50000, 25656.53882, -29157.86103, 9677.23500, -9754.17490, -4333.64001, -6471.36994, 7166.35997, -7393.76773, 1397.68234 
   7.52000, 25883.89092, -29421.84458, 9765.77489, -9845.92940, -4341.86221, -6482.18848, 7211.88211, -7442.00004, 1433.90443 
   7.54000, 25969.69422, -29767.27034, 9888.71218, -9945.01802, -4347.91175, -6484.99974, 7268.18450, -7486.57629, 1470.23470 
   7.56000, 26053.99685, -30112.43747, 10009.28556, -10050.90148, -4347.30124, -6489.50743, 7324.42320, -7531.10706, 1506.51518 
   7.58000, 26141.77568, -30461.89185, 10126.66368, -10167.50746, -4347.83135, -6490.80548, 7379.90215, -7576.31084, 1543.26302 
   7.60000, 26230.85045, -30812.10961, 10245.03634, -10287.04370, -4349.31993, -6491.84439, 7437.38120, -7623.70985, 1577.45011 
   7.62000, 26320.58540, -31162.95424, 10363.29628, -10409.31930, -4350.91612, -6491.90244, 7493.62079, -7673.38214, 1611.03019 
   7.64000, 26409.97559, -31513.91654, 10480.24842, -10529.73137, -4350.95364, -6495.04792, 7555.72472, -7723.17488, 1645.62174 
   7.66000, 26498.83812, -31862.99734, 10595.16095, -10652.98051, -4346.38601, -6500.45019, 7617.09118, -7774.07733, 1677.69508 
   7.68000, 26580.66738, -32205.82659, 10708.38306, -10770.79449, -4343.64274, -6505.39840, 7678.90183, -7822.92948, 1708.58300 
   7.70000, 26661.88467, -32548.04032, 10822.18841, -10888.49289, -4340.97335, -6510.44878, 7736.66219, -7871.81202, 1741.32371 
   7.72000, 26741.51318, -32889.03216, 10939.11559, -11000.96962, -4348.36750, -6518.79712, 7788.75114, -7917.40209, 1774.78211 
   7.74000, 26819.44281, -33228.66771, 11052.56437, -11119.45912, -4364.56980, -6520.89859, 7840.38308, -7962.31164, 1808.17440 
   7.76000, 26894.88143, -33566.17378, 11165.30914, -11238.10404, -4383.18655, -6521.86248, 7892.49795, -8008.08435, 1838.59012 
   7.78000, 26968.09380, -33905.23484, 11275.80427, -11360.27687, -4399.60207, -6525.08266, 7942.00362, -8054.50977, 1871.14796 
   7.80000, 27032.96293, -34251.93871, 11384.35102, -11483.30784, -4413.97788, -6528.48796, 7989.49086, -8103.32843, 1904.00542 
   7.82000, 27095.11925, -34599.69806, 11493.06087, -11607.09015, -4430.20982, -6534.29536, 8041.88915, -8158.75625, 1941.22863 
   7.84000, 27153.00135, -34949.24296, 11596.29613, -11730.32935, -4446.83506, -6540.25773, 8094.92002, -8213.40009, 1980.04007 
   7.86000, 27214.30655, -35294.42225, 11699.54710, -11858.92819, -4447.61868, -6550.56727, 8147.53985, -8267.11367, 2020.25463 
   7.88000, 27279.36732, -35635.15976, 11801.15550, -11987.67672, -4448.31397, -6562.12214, 8198.57845, -8320.67825, 2061.41380 
   7.90000, 27340.74300, -35976.06165, 11899.74639, -12118.17998, -4449.68933, -6573.50375, 8254.95956, -8365.91898, 2110.44205 
   7.92000, 27402.92883, -36314.93570, 11996.36168, -12256.54432, -4457.15791, -6579.86596, 8309.97189, -8415.41934, 2158.69455 
   7.94000, 27468.90270, -36655.91629, 12094.89667, -12397.35357, -4466.80205, -6586.15473, 8365.16132, -8464.42397, 2206.29861 
   7.96000, 27535.01331, -37002.38566, 12197.55986, -12538.58674, -4484.32945, -6593.25989, 8413.91240, -8511.69622, 2253.17276 
   7.98000, 27601.29813, -37349.57331, 12299.79843, -12679.61117, -4497.73606, -6601.18788, 8464.46358, -8558.03910, 2299.74672 
   8.00000, 27664.81080, -37700.55690, 12402.72234, -12823.54722, -4510.89197, -6618.02772, 8514.69652, -8605.02655, 2347.32601 
   8.02000, 27730.37637, -38051.46271, 12506.55774, -12968.02162, -4520.98340, -6633.70607, 8564.81979, -8652.01862, 2395.08280 
   8.04000, 27796.27966, -38398.52604, 12608.04277, -13109.08720, -4531.90057, -6652.25336, 8610.57879, -8696.18751, 2441.11377 
   8.06000, 27859.61871, -38748.61996, 12701.35052, -13251.60484, -4544.84859, -6669.73033, 8657.29270, -8738.88624, 2492.50387 
   8.08000, 27922.77186, -39098.02657, 12797.62301, -13398.90651, -4557.17757, -6688.33743, 8704.65078, -8779.46567, 2543.50624 
   8.10000, 27983.91340, -39444.41620, 12900.67851, -13552.51710, -4571.89149, -6702.14207, 8752.05829, -8819.74631, 2594.94270 
   8.12000, 28043.25909, -39790.38109, 13001.70710, -13698.37525, -4580.91300, -6715.85250, 8798.42388, -8858.94767, 2646.79819 
   8.14000, 28103.13654, -40133.70483, 13096.35178, -13842.80148, -4593.80815, -6726.86350, 8850.70129, -8892.93761, 2698.85519 
   8.16000, 28168.40396, -40474.01373, 13199.46199, -13986.02139, -4609.32637, -6741.55106, 8905.04735, -8929.87469, 2755.31750 
   8.18000, 28231.40462, -40817.50083, 13300.81699, -14130.22253, -4620.77368, -6760.20479, 8961.08298, -8968.26459, 2814.21642 
   8.20000, 28291.98253, -41161.64365, 13407.86793, -14270.78943, -4633.13169, -6781.03045, 9019.03547, -9005.66521, 2878.17317 
   8.22000, 28352.28379, -41505.83355, 13514.72472, -14405.04030, -4643.21282, -6804.70000, 9078.79996, -9044.82326, 2943.42940 
   8.24000, 28410.47566, -41851.95432, 13619.83273, -14537.24001, -4654.77330, -6828.97710, 9149.81361, -9101.49293, 3011.64907 
   8.26000, 28460.16078, -42197.79850, 13727.18046, -14691.72185, -4642.25677, -6876.57631, 9225.96622, -9161.44353, 3079.07679 
   8.28000, 28512.69573, -42539.67780, 13834.43926, -14844.95962, -4627.94765, -6921.04498, 9300.02145, -9220.03255, 3152.52761 
   8.30000, 28561.92021, -42883.34260, 13947.37067, -14998.77308, -4614.12864, -6963.67019, 9371.00176, -9280.98824, 3226.63951 
   8.32000, 28619.53851, -43245.11157, 14050.26307, -15152.44104, -4600.12437, -7005.71167, 9440.65381, -9339.05819, 3300.66527 
   8.34000, 28675.91014, -43602.84707, 14152.34109, -15306.94347, -4590.17897, -7048.79288, 9511.12535, -9398.86887, 3379.63950 
   8.36000, 28736.41501, -43957.76114, 14251.40274, -15461.45941, -4580.19569, -7091.80080, 9585.76486, -9464.51313, 3453.18661 
   8.38000, 28792.17478, -44305.78887, 14338.91439, -15618.45593, -4571.13668, -7132.98459, 9607.81117, -9500.62345, 3500.33023 
   8.40000, 28846.95904, -44647.06029, 14426.86516, -15775.30238, -4566.55374, -7175.01649, 9627.29287, -9537.44872, 3550.40789 
   8.42000, 28902.22087, -44987.88413, 14515.22981, -15928.41941, -4562.86792, -7217.10776, 9639.76690, -9575.58838, 3605.38030 
   8.44000, 28955.99739, -45326.42368, 14618.42557, -16082.13461, -4556.82187, -7258.04616, 9652.50970, -9616.61860, 3664.31029 
   8.46000, 29011.00182, -45669.04936, 14723.43682, -16232.81932, -4552.91621, -7306.12329, 9665.47482, -9657.67925, 3723.18095 
   8.48000, 29065.28879, -46012.44341, 14829.45778, -16381.41965, -4550.49418, -7357.62847, 9676.52914, -9698.74864, 3783.02609 
   8.50000, 29119.98141, -46358.47783, 14938.24415, -16529.96167, -4549.28923, -7407.40410, 9689.42585, -9745.13595, 3844.45514 
   8.52000, 29173.02545, -46701.82832, 15051.12356, -16677.80336, -4547.51998, -7456.76492, 9695.75410, -9791.09765, 3910.31102 
   8.54000, 29225.52289, -47044.94948, 15164.06959, -16824.33837, -4542.42266, -7507.31302, 9701.79935, -9835.03340, 3977.29801 
   8.56000, 29279.17333, -47386.44550, 15278.37800, -16968.37948, -4536.03970, -7556.88816, 9711.14537, -9881.97979, 4044.40470 
   8.58000, 29332.81323, -47727.97400, 15392.56988, -17105.49500, -4531.32151, -7657.10560, 9717.01430, -9928.79159, 4113.04922 
   8.60000, 29386.12508, -48068.17451, 15505.56387, -17240.70584, -4535.87713, -7748.11330, 9727.33756, -9974.03754, 4183.62214 
   8.62000, 29437.95437, -48408.17807, 15617.35461, -17377.63820, -4540.02589, -7843.18364, 9734.05311, -10018.05707, 4259.04280 
   8.64000, 29491.87858, -48757.74891, 15730.85258, -17514.24008, -4540.20544, -7939.34679, 9740.59733, -10061.14102, 4334.94685 
   8.66000, 29545.87547, -49104.13432, 15847.74246, -17644.87169, -4540.47170, -8035.06767, 9745.87991, -10101.85518, 4401.87306 
   8.68000, 29606.45697, -49448.27723, 15962.31048, -17777.36652, -4543.57142, -8131.73953, 9749.47445, -10150.84227, 4474.67186 
   8.70000, 29668.90910, -49791.95700, 16074.70922, -17908.90531, -4550.29587, -8228.72011, 9757.17521, -10202.37426, 4547.45516 
   8.72000, 29732.02573, -50136.89819, 16187.65779, -18030.60128, -4555.44752, -8320.93727, 9762.84133, -10254.16676, 4621.11170 
   8.74000, 29796.60564, -50479.63335, 16296.36763, -18151.90758, -4560.00381, -8414.05842, 9769.07872, -10305.00099, 4696.09120 
   8.76000, 29861.23562, -50822.33631, 16405.12456, -18271.87088, -4559.96128, -8510.29543, 9775.14207, -10355.79369, 4769.03407 
   8.78000, 29923.30016, -51168.47860, 16507.32535, -18392.69321, -4565.45528, -8603.66717, 9779.70777, -10408.17567, 4840.74854 
   8.80000, 29984.56679, -51514.31587, 16609.08789, -18516.68733, -4573.24413, -8698.15690, 9783.66010, -10464.41309, 4912.67830 
   8.82000, 30042.58326, -51853.97263, 16700.32093, -18637.60600, -4579.59172, -8794.10934, 9781.60837, -10523.74742, 4977.39572 
   8.84000, 30101.30565, -52191.78498, 16789.49928, -18764.78231, -4588.83818, -8891.94246, 9780.68379, -10581.92415, 5045.83874 
   8.86000, 30162.06683, -52528.19583, 16876.13716, -18896.74842, -4602.30919, -8988.91820, 9782.77383, -10640.82438, 5114.20047 
   8.88000, 30219.84965, -52865.28385, 16960.24269, -19020.58026, -4619.80538, -9089.99632, 9784.80360, -10701.15717, 5179.78382 
   8.90000, 30271.23957, -53205.07861, 17037.07385, -19144.51469, -4637.21123, -9190.79090, 9787.40794, -10761.26274, 5245.11987 
   8.92000, 30317.41752, -53541.12116, 17114.84700, -19271.30348, -4654.83149, -9291.15916, 9788.03524, -10818.19027, 5305.34841 
   8.94000, 30363.02001, -53882.42643, 17193.53328, -19404.82817, -4667.86193, -9388.19653, 9789.29380, -10875.48195, 5365.28734 
   8.96000, 30410.90229, -54224.22410, 17270.96346, -19532.89653, -4682.26616, -9482.94921, 9792.47509, -10932.28720, 5423.96813 
   8.98000, 30461.57989, -54568.43861, 17352.73610, -19665.01414, -4695.90875, -9576.57664, 9796.28715, -10987.04049, 5483.13181 
   9.00000, 30512.08772, -54912.88214, 17434.50150, -19791.33793, -4706.48283, -9667.81268, 9798.55134, -11039.33247, 5544.99180 
   9.02000, 30563.44596, -55253.22082, 17515.45465, -19918.37000, -4716.00378, -9759.11017, 9799.69011, -11092.60971, 5606.94600 
   9.04000, 30616.17819, -55594.57567, 17595.59698, -20049.80546, -4726.77531, -9847.55524, 9800.72394, -11146.33903, 5668.55117 
   9.06000, 30662.67135, -55940.10042, 17666.23397, -20181.55579, -4736.61566, -9936.64197, 9801.00420, -11201.75417, 5730.29713 
   9.08000, 30713.37602, -56287.92038, 17735.75836, -20315.93920, -4746.25540, -10025.42811, 9800.34994, -11257.53169, 5787.91069 
   9.10000, 30766.73126, -56632.16666, 17809.30488, -20449.35352, -4756.55235, -10116.15044, 9800.64194, -11309.02154, 5845.11019 
   9.12000, 30821.50209, -56977.68128, 17885.70304, -20591.02093, -4774.03280, -10204.64647, 9802.53312, -11355.69654, 5903.64365 
   9.14000, 30872.77378, -57323.84927, 17965.08116, -20734.69220, -4790.49242, -10294.78892, 9803.55499, -11401.38792, 5961.97005 
   9.16000, 30922.09722, -57669.98743, 18045.86006, -20875.59359, -4807.32225, -10385.56602, 9803.45390, -11448.13590, 6018.76811 
   9.18000, 30977.61855, -58014.76495, 18122.72832, -21017.79497, -4823.83628, -10476.98091, 9803.55963, -11494.34600, 6076.49979 
   9.20000, 31033.34336, -58360.40831, 18197.84072, -21158.82278, -4842.40785, -10570.43143, 9805.13847, -11546.41811, 6130.97688 
   9.22000, 31088.34222, -58711.16237, 18271.60642, -21300.13446, -4861.03414, -10665.76060, 9799.54271, -11599.19530, 6189.52415 
   9.24000, 31141.79337, -59064.86938, 18343.59866, -21445.63451, -4878.61177, -10760.72502, 9792.88921, -11654.87929, 6248.64465 
   9.26000, 31187.26817, -59419.74213, 18416.08509, -21592.63717, -4895.86671, -10854.88013, 9788.28255, -11718.28788, 6309.00315 
   9.28000, 31232.38298, -59773.99508, 18488.61261, -21739.68931, -4913.96687, -10951.42147, 9778.37374, -11785.65979, 6372.88260 
   9.30000, 31278.08726, -60126.73248, 18561.25238, -21886.60805, -4931.29257, -11047.98416, 9768.11632, -11849.31969, 6432.76983 
   9.32000, 31330.82187, -60477.58536, 18630.45814, -22033.53652, -4948.33738, -11143.08661, 9756.61052, -11911.00859, 6499.19995 
   9.34000, 31384.62478, -60829.72335, 18698.39714, -22179.21060, -4966.55480, -11235.80944, 9745.19703, -11973.27689, 6565.17864 
   9.36000, 31437.34862, -61181.26729, 18766.81373, -22328.49701, -4984.42706, -11318.25752, 9736.04252, -12034.76426, 6632.88272 
   9.38000, 31490.31706, -61533.34146, 18834.64022, -22477.57447, -5004.49932, -11400.19408, 9726.43193, -12091.00994, 6700.88928 
   9.40000, 31549.43938, -61884.11920, 18900.36134, -22629.70192, -5023.30322, -11478.93718, 9716.25568, -12146.71513, 6768.58645 
   9.42000, 31613.28322, -62231.63077, 18963.71073, -22794.67861, -5026.74054, -11600.41190, 9709.98023, -12200.54745, 6836.39687 
   9.44000, 31677.91219, -62579.25694, 19025.41359, -22957.13745, -5043.82118, -11718.29907, 9700.89592, -12256.05272, 6903.90392 
   9.46000, 31736.58886, -62919.53486, 19077.05202, -23118.23907, -5060.15347, -11838.63204, 9691.85777, -12309.99058, 6974.72913 
   9.48000, 31797.17576, -63258.78247, 19127.56486, -23279.22996, -5076.53820, -11959.03105, 9681.57273, -12362.84844, 7045.73911 
   9.50000, 31855.38346, -63599.49152, 19176.98511, -23448.46686, -5105.89971, -12080.11844, 9669.86637, -12415.88972, 7112.85236 
   9.52000, 31917.32964, -63941.66298, 19221.47932, -23612.75995, -5135.39980, -12199.13582, 9658.18306, -12468.84208, 7179.83737 
   9.54000, 31987.60312, -64275.91528, 19271.87799, -23775.42844, -5159.88905, -12312.46090, 9648.13700, -12524.50370, 7252.57672 
   9.56000, 32058.92926, -64608.43587, 19324.85282, -23936.71466, -5179.77444, -12434.97943, 9640.15427, -12581.35546, 7316.19439 
   9.58000, 32127.11647, -64943.64449, 19378.98649, -24097.96601, -5200.55634, -12556.83086, 9629.48100, -12629.52226, 7374.26106 
   9.60000, 32196.31350, -65285.41522, 19435.75071, -24257.05473, -5223.44452, -12677.43590, 9617.96495, -12677.90823, 7435.19295 
   9.62000, 32266.18431, -65629.70565, 19491.99235, -24415.69895, -5246.09883, -12798.15479, 9601.71523, -12728.09297, 7494.03633 
   9.64000, 32342.99630, -65971.96143, 19547.57347, -24574.56301, -5269.00879, -12918.34068, 9583.80246, -12806.52115, 7611.28334 
   9.66000, 32416.58203, -66316.57086, 19607.88064, -24733.99218, -5290.52846, -13041.99326, 9560.32209, -12883.25851, 7728.81095 
   9.68000, 32492.58474, -66666.60587, 19668.71706, -24895.26753, -5312.73849, -13160.00366, 9539.74834, -12959.20142, 7852.83076 
   9.70000, 32563.57628, -67016.75535, 19729.95499, -25057.04812, -5337.54225, -13280.59231, 9523.27497, -13031.43671, 7978.50112 
   9.72000, 32634.56035, -67366.94959, 19791.14712, -25214.22177, -5362.22076, -13395.01468, 9505.36102, -13104.23262, 8101.96349 
   9.74000, 32705.31623, -67716.66977, 19852.07457, -25371.34785, -5386.80291, -13510.42072, 9488.29170, -13176.36260, 8224.82266 
   9.76000, 32777.94486, -68065.88175, 19914.79986, -25533.16014, -5415.43483, -13632.38598, 9468.88584, -13251.12033, 8343.83482 
   9.78000, 32847.46127, -68411.87322, 19979.61220, -25688.39111, -5446.35086, -13760.37287, 9450.34279, -13323.68051, 8470.88534 
   9.80000, 32917.06006, -68759.45049, 20043.89061, -25849.08594, -5480.12227, -13893.41535, 9433.07631, -13396.77866, 8597.89423 
   9.82000, 32987.11473, -69108.05402, 20108.29450, -26007.48333, -5513.21541, -14024.32367, 9418.37686, -13468.61876, 8729.82654 
   9.84000, 33057.12181, -69460.98694, 20177.49252, -26166.12177, -5546.65588, -14154.47957, 9406.09138, -13536.85659, 8862.62514 
   9.86000, 33127.79715, -69818.75252, 20253.41018, -26325.76856, -5577.87154, -14283.71241, 9395.11262, -13605.03025, 8994.70197 
   9.88000, 33197.63094, -70176.12700, 20331.19705, -26482.72273, -5608.69482, -14412.11895, 9382.87837, -13673.44969, 9127.82308 
   9.90000, 33269.38896, -70535.26506, 20406.81109, -26642.10154, -5645.35847, -14540.42789, 9366.32731, -13747.95072, 9260.40653 
   9.92000, 33332.07642, -70890.12155, 20482.22687, -26801.50144, -5682.25008, -14668.57826, 9349.91153, -13819.91507, 9391.87393 
   9.94000, 33397.92703, -71242.64485, 20555.04574, -26960.85456, -5722.39549, -14799.80606, 9333.79709, -13891.99265, 9523.72752 
   9.96000, 33458.78341, -71597.32765, 20627.18913, -27118.62493, -5765.28389, -14934.65362, 9323.44007, -13965.93507, 9655.29594 
   9.98000, 33514.56094, -71952.33260, 20700.19296, -27274.64312, -5812.49814, -15079.53756, 9313.77290, -14039.62562, 9786.91287 
  10.00000, 33571.29965, -72307.36172, 20771.63978, -27431.25114, -5861.25668, -15225.60931, 9304.35171, -14117.27014, 9920.78007 
