   0.02000,   16.12000,  -13.26492,    0.40493,  -12.85999,  783.17932, 21062.69698,    1.00000,    1.00000 
   0.04000,   16.12000,  -13.11430,    0.32932,  -12.78498,  636.93108, 32921.62514,    1.00000,    1.00000 
   0.06000,   16.12000,  -13.06916,    0.26290,  -12.80626,  508.47437, 34436.81220,    1.00000,    1.00000 
   0.08000,   16.12000,  -13.07667,    0.26893,  -12.80775,  520.12613, 31774.10271,    1.00000,    1.00000 
   0.10000,   16.12000,  -13.00956,    0.22662,  -12.78294,  438.30261, 36237.88535,    1.00000,    1.00000 
   0.12000,   16.12000,  -13.15021,    0.33296,  -12.81725,  643.97248, 27460.34034,    1.00000,    1.00000 
   0.14000,   16.12000,  -13.05434,    0.26463,  -12.78971,  511.81694, 33887.66952,    1.00000,    1.00000 
   0.16000,   16.12000,  -13.05889,    0.26361,  -12.79528,  509.84624, 33526.72462,    1.00000,    1.00000 
   0.18000,   16.12000,  -13.10783,    0.30985,  -12.79798,  599.27844, 30202.67459,    1.00000,    1.00000 
   0.20000,   16.12000,  -13.06663,    0.27746,  -12.78917,  536.62781, 32302.61647,    1.00000,    1.00000 
   0.22000,   16.12000,  -13.07404,    0.27931,  -12.79472,  540.21881, 31138.44105,    1.00000,    1.00000 
   0.24000,   16.12000,  -13.05430,    0.27723,  -12.77708,  536.18150, 33713.45902,    1.00000,    1.00000 
   0.26000,   16.12000,  -13.09512,    0.30939,  -12.78573,  598.38781, 31340.12998,    1.00000,    1.00000 
   0.28000,   16.12000,  -13.05817,    0.28181,  -12.77636,  545.05015, 32309.88718,    1.00000,    1.00000 
   0.30000,   16.12000,  -13.06617,    0.28877,  -12.77740,  558.50451, 32717.23265,    1.00000,    1.00000 
   0.32000,   16.12000,  -13.09884,    0.31009,  -12.78875,  599.74115, 30352.86189,    1.00000,    1.00000 
   0.34000,   16.12000,  -13.04509,    0.27159,  -12.77350,  525.27316, 33291.69949,    1.00000,    1.00000 
   0.36000,   16.12000,  -13.04876,    0.26969,  -12.77907,  521.59633, 32859.45182,    1.00000,    1.00000 
   0.38000,   16.12000,  -13.08896,    0.31394,  -12.77501,  607.19588, 31905.58934,    1.00000,    1.00000 
   0.40000,   16.12000,  -13.11630,    0.32853,  -12.78777,  635.40472, 30382.25211,    1.00000,    1.00000 
   0.42000,   16.12000,  -13.01423,    0.25873,  -12.75549,  500.41353, 34325.28597,    1.00000,    1.00000 
   0.44000,   16.12000,  -13.07347,    0.29975,  -12.77372,  579.74107, 31559.45035,    1.00000,    1.00000 
   0.46000,   16.12000,  -13.06449,    0.30073,  -12.76377,  581.63016, 32553.09151,    1.00000,    1.00000 
   0.48000,   16.12000,  -13.06101,    0.30190,  -12.75911,  583.90229, 32626.60842,    1.00000,    1.00000 
   0.50000,   16.12000,  -13.06982,    0.30600,  -12.76382,  591.83244, 32740.89745,    1.00000,    1.00000 
   0.52000,   16.12000,  -13.06126,    0.30264,  -12.75861,  585.33996, 32901.89771,    1.00000,    1.00000 
   0.54000,   16.12000,  -13.07021,    0.30419,  -12.76603,  588.32217, 31911.92253,    1.00000,    1.00000 
   0.56000,   16.12000,  -13.04557,    0.28347,  -12.76209,  548.26208, 33302.93882,    1.00000,    1.00000 
   0.58000,   16.12000,  -13.05405,    0.29832,  -12.75573,  576.97940, 33121.00629,    1.00000,    1.00000 
   0.60000,   16.12000,  -13.07102,    0.31772,  -12.75329,  614.50585, 32647.02059,    1.00000,    1.00000 
   0.62000,   16.12000,  -13.07275,    0.32659,  -12.74616,  631.65638, 31772.43112,    1.00000,    1.00000 
   0.64000,   16.12000,  -13.02647,    0.28715,  -12.73932,  555.38079, 35354.56024,    1.00000,    1.00000 
   0.66000,   16.12000,  -13.02037,    0.28835,  -12.73202,  557.70019, 36147.38792,    1.00000,    1.00000 
   0.68000,   16.12000,  -13.09889,    0.34743,  -12.75146,  671.96027, 30517.35063,    1.00000,    1.00000 
   0.70000,   16.12000,  -13.03627,    0.30095,  -12.73532,  582.06173, 34459.30764,    1.00000,    1.00000 
   0.72000,   16.12000,  -13.03226,    0.29606,  -12.73621,  572.59854, 33509.76549,    1.00000,    1.00000 
   0.74000,   16.12000,  -13.02973,    0.30074,  -12.72899,  581.64787, 33830.62253,    1.00000,    1.00000 
   0.76000,   16.12000,  -13.06312,    0.32726,  -12.73586,  632.94747, 32411.01861,    1.00000,    1.00000 
   0.78000,   16.12000,  -13.05148,    0.32184,  -12.72964,  622.47608, 33302.95757,    1.00000,    1.00000 
   0.80000,   16.12000,  -13.03836,    0.31204,  -12.72632,  603.51078, 34301.59565,    1.00000,    1.00000 
   0.82000,   16.12000,  -13.03779,    0.31473,  -12.72306,  608.71480, 33674.92469,    1.00000,    1.00000 
   0.84000,   16.12000,  -13.04862,    0.31585,  -12.73277,  610.87622, 33391.40145,    1.00000,    1.00000 
   0.86000,   16.12000,  -13.02132,    0.30805,  -12.71327,  595.80041, 34627.74444,    1.00000,    1.00000 
   0.88000,   16.12000,  -13.05411,    0.33737,  -12.71674,  652.50882, 33120.25835,    1.00000,    1.00000 
   0.90000,   16.12000,  -13.03125,    0.32332,  -12.70793,  625.31981, 34617.04137,    1.00000,    1.00000 
   0.92000,   16.12000,  -13.02492,    0.31371,  -12.71121,  606.73787, 34893.36493,    1.00000,    1.00000 
   0.94000,   16.12000,  -13.01260,    0.31295,  -12.69964,  605.27773, 35257.03976,    1.00000,    1.00000 
   0.96000,   16.12000,  -13.05465,    0.35081,  -12.70384,  678.50551, 32804.11670,    1.00000,    1.00000 
   0.98000,   16.12000,  -13.03129,    0.33150,  -12.69979,  641.14345, 34451.68717,    1.00000,    1.00000 
   1.00000,   16.12000,  -13.01308,    0.32289,  -12.69019,  624.48942, 36238.44975,    1.00000,    1.00000 
   1.02000,   16.12000,  -13.04349,    0.33740,  -12.70609,  652.55622, 34631.48219,    1.00000,    1.00000 
   1.04000,   16.12000,  -12.99231,    0.31041,  -12.68191,  600.35295, 37017.83545,    1.00000,    1.00000 
   1.06000,   16.12000,  -13.02334,    0.33344,  -12.68990,  644.90434, 34940.73359,    1.00000,    1.00000 
   1.08000,   16.12000,  -13.00338,    0.32459,  -12.67879,  627.77801, 37368.97946,    1.00000,    1.00000 
   1.10000,   16.12000,  -13.04795,    0.36130,  -12.68665,  698.78106, 34347.21830,    1.00000,    1.00000 
   1.12000,   16.12000,  -13.02553,    0.34687,  -12.67867,  670.86865, 34576.65023,    1.00000,    1.00000 
   1.14000,   16.12000,  -13.00202,    0.32267,  -12.67934,  624.07978, 36229.82042,    1.00000,    1.00000 
   1.16000,   16.12000,  -12.99860,    0.32421,  -12.67440,  627.04269, 36284.76352,    1.00000,    1.00000 
   1.18000,   16.12000,  -13.01086,    0.34361,  -12.66726,  664.56716, 35643.01775,    1.00000,    1.00000 
   1.20000,   16.12000,  -12.99701,    0.33680,  -12.66021,  651.39815, 37487.08129,    1.00000,    1.00000 
   1.22000,   16.12000,  -13.00799,    0.34544,  -12.66255,  668.12055, 36608.10815,    1.00000,    1.00000 
   1.24000,   16.12000,  -13.01231,    0.35088,  -12.66143,  678.62419, 36924.53251,    1.00000,    1.00000 
   1.26000,   16.12000,  -13.00148,    0.34671,  -12.65476,  670.57209, 38056.67231,    1.00000,    1.00000 
   1.28000,   16.12000,  -13.00940,    0.35196,  -12.65744,  680.72000, 36456.25061,    1.00000,    1.00000 
   1.30000,   16.12000,  -12.97991,    0.33052,  -12.64939,  639.25391, 38243.84573,    1.00000,    1.00000 
   1.32000,   16.12000,  -12.98683,    0.33723,  -12.64959,  652.23427, 38373.65661,    1.00000,    1.00000 
   1.34000,   16.12000,  -13.01795,    0.36795,  -12.64999,  711.65083, 36502.69978,    1.00000,    1.00000 
   1.36000,   16.12000,  -13.01138,    0.35598,  -12.65540,  688.49718, 37431.49574,    1.00000,    1.00000 
   1.38000,   16.12000,  -12.97687,    0.33175,  -12.64512,  641.62376, 39273.40420,    1.00000,    1.00000 
   1.40000,   16.12000,  -13.00519,    0.35201,  -12.65318,  680.81827, 37308.71815,    1.00000,    1.00000 
   1.42000,   16.12000,  -12.98422,    0.34725,  -12.63696,  671.61777, 38866.06708,    1.00000,    1.00000 
   1.44000,   16.12000,  -12.98200,    0.35362,  -12.62838,  683.94038, 38872.73313,    1.00000,    1.00000 
   1.46000,   16.12000,  -12.99697,    0.37397,  -12.62300,  723.29155, 38164.65523,    1.00000,    1.00000 
   1.48000,   16.12000,  -13.00703,    0.38423,  -12.62280,  743.13112, 37175.09455,    1.00000,    1.00000 
   1.50000,   16.12000,  -12.95290,    0.34895,  -12.60395,  674.90345, 40935.68681,    1.00000,    1.00000 
   1.52000,   16.12000,  -12.96364,    0.35975,  -12.60390,  695.77916, 40307.91402,    1.00000,    1.00000 
   1.54000,   16.12000,  -12.94890,    0.35652,  -12.59238,  689.54206, 40828.43123,    1.00000,    1.00000 
   1.56000,   16.12000,  -12.96612,    0.37331,  -12.59281,  722.00604, 39221.38852,    1.00000,    1.00000 
   1.58000,   16.12000,  -13.01027,    0.40499,  -12.60528,  783.28000, 36287.44747,    1.00000,    1.00000 
   1.60000,   16.12000,  -12.93441,    0.35203,  -12.58239,  680.84953, 42977.81859,    1.00000,    1.00000 
   1.62000,   16.12000,  -12.96017,    0.38063,  -12.57953,  736.17845, 40942.17718,    1.00000,    1.00000 
   1.64000,   16.12000,  -12.94629,    0.39564,  -12.55065,  765.20881, 40764.12305,    1.00000,    1.00000 
   1.66000,   16.12000,  -12.93793,    0.38375,  -12.55419,  742.19716, 42841.74353,    1.00000,    1.00000 
   1.68000,   16.12000,  -12.92460,    0.38534,  -12.53926,  745.28640, 43126.55944,    1.00000,    1.00000 
   1.70000,   16.12000,  -12.94204,    0.40347,  -12.53858,  780.34487, 41705.11656,    1.00000,    1.00000 
   1.72000,   16.12000,  -12.92787,    0.39745,  -12.53042,  768.70264, 43699.26156,    1.00000,    1.00000 
   1.74000,   16.12000,  -12.92671,    0.39374,  -12.53297,  761.52675, 43739.35237,    1.00000,    1.00000 
   1.76000,   16.12000,  -12.92024,    0.39347,  -12.52677,  761.00099, 42779.68418,    1.00000,    1.00000 
   1.78000,   16.12000,  -12.94242,    0.40364,  -12.53878,  780.67039, 41210.73471,    1.00000,    1.00000 
   1.80000,   16.12000,  -12.91026,    0.39103,  -12.51922,  756.29389, 43646.51113,    1.00000,    1.00000 
   1.82000,   16.12000,  -12.93954,    0.41602,  -12.52352,  804.61770, 41819.56851,    1.00000,    1.00000 
   1.84000,   16.12000,  -12.88534,    0.39030,  -12.49504,  754.86968, 46390.89895,    1.00000,    1.00000 
   1.86000,   16.12000,  -12.94769,    0.43288,  -12.51481,  837.23384, 42158.89505,    1.00000,    1.00000 
   1.88000,   16.12000,  -12.91867,    0.41428,  -12.50439,  801.25242, 43701.92056,    1.00000,    1.00000 
   1.90000,   16.12000,  -12.89073,    0.39947,  -12.49126,  772.61336, 44647.92350,    1.00000,    1.00000 
   1.92000,   16.12000,  -12.91756,    0.42534,  -12.49222,  822.64052, 43545.60831,    1.00000,    1.00000 
   1.94000,   16.12000,  -12.89230,    0.41516,  -12.47714,  802.95053, 45033.24242,    1.00000,    1.00000 
   1.96000,   16.12000,  -12.91911,    0.43315,  -12.48596,  837.74878, 44160.52994,    1.00000,    1.00000 
   1.98000,   16.12000,  -12.89511,    0.41493,  -12.48018,  802.52005, 45264.50526,    1.00000,    1.00000 
   2.00000,   16.12000,  -12.87488,    0.40160,  -12.47329,  776.72720, 46547.65063,    1.00000,    1.00000 
   2.02000,   16.12000,  -12.88927,    0.42681,  -12.46247,  825.48257, 45544.94730,    1.00000,    1.00000 
   2.04000,   16.12000,  -12.90785,    0.44961,  -12.45824,  869.58138, 46885.56602,    1.00000,    1.00000 
   2.06000,   16.12000,  -12.84470,    0.41540,  -12.42930,  803.42165, 49250.32298,    1.00000,    1.00000 
   2.08000,   16.12000,  -12.87925,    0.43965,  -12.43960,  850.33024, 46507.60898,    1.00000,    1.00000 
   2.10000,   16.12000,  -12.87928,    0.45505,  -12.42422,  880.11547, 48298.21198,    1.00000,    1.00000 
   2.12000,   16.12000,  -12.90781,    0.47072,  -12.43709,  910.41172, 45367.26405,    1.00000,    1.00000 
   2.14000,   16.12000,  -12.84576,    0.44522,  -12.40055,  861.08889, 48456.39571,    1.00000,    1.00000 
   2.16000,   16.12000,  -12.84874,    0.47028,  -12.37846,  909.55945, 48275.51174,    1.00000,    1.00000 
   2.18000,   16.12000,  -12.81733,    0.45257,  -12.36476,  875.31179, 50866.30929,    1.00000,    1.00000 
   2.20000,   16.12000,  -12.81421,    0.46762,  -12.34659,  904.42031, 51752.41532,    1.00000,    1.00000 
   2.22000,   16.12000,  -12.80114,    0.46410,  -12.33705,  897.60588, 52581.90510,    1.00000,    1.00000 
   2.24000,   16.12000,  -12.76870,    0.45855,  -12.31016,  886.87249, 55825.87498,    1.00000,    1.00000 
   2.26000,   16.12000,  -12.79067,    0.51029,  -12.28038,  986.94642, 55813.81405,    1.00000,    1.00000 
   2.28000,   16.12000,  -12.78456,    0.52967,  -12.25489, 1024.42425, 56514.00624,    1.00000,    1.00000 
   2.30000,   16.12000,  -12.76592,    0.53516,  -12.23076, 1035.04502, 56703.85854,    1.00000,    1.00000 
   2.32000,   16.12000,  -12.73152,    0.53596,  -12.19555, 1036.59681, 59046.69695,    1.00000,    1.00000 
   2.34000,   16.12000,  -12.72598,    0.54571,  -12.18027, 1055.45318, 61502.44903,    1.00000,    1.00000 
   2.36000,   16.12000,  -12.70736,    0.53547,  -12.17188, 1035.65407, 61895.24173,    1.00000,    1.00000 
   2.38000,   16.12000,  -12.70994,    0.54880,  -12.16114, 1061.42171, 60836.88057,    1.00000,    1.00000 
   2.40000,   16.12000,  -12.64135,    0.51822,  -12.12313, 1002.28722, 65520.48240,    1.00000,    1.00000 
   2.42000,   16.12000,  -12.64811,    0.55719,  -12.09092, 1077.66204, 66082.96665,    1.00000,    1.00000 
   2.44000,   16.12000,  -12.70822,    0.65730,  -12.05091, 1271.28184, 63007.75646,    1.00000,    1.00000 
   2.46000,   16.12000,  -12.63108,    0.62927,  -12.00181, 1217.07007, 69670.38670,    1.00000,    1.00000 
   2.48000,   16.12000,  -12.57243,    0.60576,  -11.96667, 1171.59847, 72974.24614,    1.00000,    1.00000 
   2.50000,   16.12000,  -12.57194,    0.69536,  -11.87657, 1344.88758, 73514.31322,    1.00000,    1.00000 
   2.52000,   16.12000,  -12.44667,    0.72826,  -11.71841, 1408.52417, 84325.46737,    1.00000,    1.00000 
   2.54000,   16.12000,  -12.34469,    0.79028,  -11.55441, 1528.47495, 91989.61257,    1.00000,    1.00000 
   2.56000,   16.12000,  -12.20188,    0.86408,  -11.33779, 1671.20694, 101595.14353,    1.00000,    1.00000 
   2.58000,   16.12000,  -11.98038,    1.17291,  -10.80747, 2268.50805, 114861.73099,    1.00000,    1.00000 
   2.60000,   16.12000,  -11.21524,    3.04826,   -8.16699, 5895.59419, 177130.52428,    1.00000,    1.00000 
   2.62000,   16.12000,   -9.47596,    7.38937,   -2.08659, 14291.68467, 309524.33009,    1.00000,    1.00000 
   2.64000,   16.12000,   -3.23228,   25.01336,   21.78108, 48378.01449, 758925.53559,    1.00000,    1.00000 
   2.66000,   16.12000,    8.86230,  101.34672,  110.20902, 196013.38111, 2286855.55907,    1.00000,    1.00000 
   2.68000,   16.12000,   27.00620,  379.88205,  406.88825, 734724.96300, 7132330.39500,    1.00000,    1.00000 
   2.70000,   16.12000,   35.46048, 1074.45833, 1109.91881, 2078095.98940, 18515979.66169,    1.00000,    1.00000 
   2.72000,   16.12000,   38.36680, 1849.07602, 1887.44282, 3576274.04611, 31253906.81521,    1.00000,    1.00000 
   2.74000,   16.12000,   46.18591, 3158.98345, 3205.16936, 6109749.09155, 52662645.18723,    1.00000,    1.00000 
   2.76000,   16.12000,   38.11544, 5924.05852, 5962.17396, 11457645.07952, 97776576.50541,    1.00000,    1.00000 
   2.78000,   16.12000,   38.47622, 6648.18134, 6686.65757, 12858161.68093, 109653407.62177,    1.00000,    1.00000 
   2.80000,   16.12000,   35.90079, 7158.30036, 7194.20115, 13844776.29183, 117948575.18585,    1.00000,    1.00000 
   2.82000,   16.12000,   50.23167, 8755.05612, 8805.28779, 16933040.96784, 143865679.01507,    1.00000,    1.00000 
   2.84000,   16.12000,   32.38182, 12869.88258, 12902.26440, 24891473.70122, 211071017.70080,    1.00000,    1.00000 
   2.86000,   16.12000,   46.35419, 13315.39777, 13361.75196, 25753138.86541, 218505142.74587,    1.00000,    1.00000 
   2.88000,   16.12000,   44.07004, 15132.86992, 15176.93996, 29268288.28971, 248138090.39086,    1.00000,    1.00000 
   2.90000,   16.12000,   39.47742, 18363.92999, 18403.40741, 35517439.84131, 300697332.03925,    1.00000,    1.00000 
   2.92000,   16.12000,   38.95826, 19810.31342, 19849.27168, 38314871.35444, 324441329.92377,    1.00000,    1.00000 
   2.94000,   16.12000,   40.81097, 20828.59164, 20869.40261, 40284310.09843, 340976798.05012,    1.00000,    1.00000 
   2.96000,   16.12000,   33.97411, 21987.00129, 22020.97540, 42524775.24254, 359789757.97057,    1.00000,    1.00000 
   2.98000,   16.12000,   48.55735, 22570.51248, 22619.06983, 43653336.71357, 369290875.88283,    1.00000,    1.00000 
   3.00000,   16.12000,   41.70743, 26838.44624, 26880.15367, 51907892.27426, 439055231.87966,    1.00000,    1.00000 
   3.02000,   16.12000,   38.37408, 27792.06555, 27830.43963, 53752275.05771, 454676452.04359,    1.00000,    1.00000 
   3.04000,   16.12000,   40.05700, 28269.74345, 28309.80044, 54676145.71737, 462492448.44373,    1.00000,    1.00000 
   3.06000,   16.12000,   35.23988, 28729.07390, 28764.31378, 55564530.80793, 469856706.49384,    1.00000,    1.00000 
   3.08000,   16.12000,   36.31898, 29216.80339, 29253.12237, 56507842.12738, 477728724.42976,    1.00000,    1.00000 
   3.10000,   16.12000,   41.65140, 30170.29231, 30211.94371, 58351972.72486, 493352480.26322,    1.00000,    1.00000 
   3.12000,   16.12000,   48.99903, 31780.03079, 31829.02983, 61465347.13871, 519671572.57524,    1.00000,    1.00000 
   3.14000,   16.12000,   40.67900, 32857.48287, 32898.16186, 63549233.28447, 537369880.87296,    1.00000,    1.00000 
   3.16000,   16.12000,   36.06439, 33534.13028, 33570.19466, 64857928.30282, 548355592.64696,    1.00000,    1.00000 
   3.18000,   16.12000,   39.71366, 33876.83570, 33916.54936, 65520750.42593, 553987411.00247,    1.00000,    1.00000 
   3.20000,   16.12000,   40.63295, 34273.71837, 34314.35132, 66288356.08716, 560425786.70735,    1.00000,    1.00000 
   3.22000,   16.12000,   35.71440, 34970.33815, 35006.05255, 67635679.40343, 571766855.80196,    1.00000,    1.00000 
   3.24000,   16.12000,   46.08822, 37934.46959, 37980.55781, 73368567.74787, 619874227.87291,    1.00000,    1.00000 
   3.26000,   16.12000,   35.47859, 45408.79403, 45444.27263, 87824562.12251, 742099437.08541,    1.00000,    1.00000 
   3.28000,   16.12000,   39.48236, 45990.78230, 46030.26466, 88950178.10587, 751518424.15277,    1.00000,    1.00000 
   3.30000,   16.12000,   47.78844, 47333.53434, 47381.32278, 91547177.49219, 773461614.55372,    1.00000,    1.00000 
   3.32000,   16.12000,   47.17476, 50303.32155, 50350.49632, 97291004.58576, 821880532.39079,    1.00000,    1.00000 
   3.34000,   16.12000,   37.59298, 53482.32243, 53519.91541, 103439469.12764, 873895198.65294,    1.00000,    1.00000 
   3.36000,   16.12000,   42.53983, 54402.37703, 54444.91686, 105218934.84444, 888860831.22909,    1.00000,    1.00000 
   3.38000,   16.12000,   41.34205, 55988.38743, 56029.72948, 108286417.08667, 914754726.77793,    1.00000,    1.00000 
   3.40000,   16.12000,   38.26955, 57063.59582, 57101.86538, 110365963.74235, 932366405.08710,    1.00000,    1.00000 
   3.42000,   16.12000,   44.96891, 60221.42206, 60266.39096, 116473474.68597, 983878239.48446,    1.00000,    1.00000 
   3.44000,   16.12000,   34.13322, 66934.68577, 66968.81899, 129457511.33289, 1093383099.85604,    1.00000,    1.00000 
   3.46000,   16.12000,   41.82203, 67250.35931, 67292.18134, 130068051.46005, 1098581207.02669,    1.00000,    1.00000 
   3.48000,   16.12000,   41.11630, 67516.56765, 67557.68396, 130582921.56999, 1102981143.00421,    1.00000,    1.00000 
   3.50000,   16.12000,   39.69327, 67852.36780, 67892.06106, 131232388.29870, 1108357225.95568,    1.00000,    1.00000 
   3.52000,   16.12000,   33.69005, 68943.28434, 68976.97438, 133342315.88866, 1126107356.99827,    1.00000,    1.00000 
   3.54000,   16.12000,   39.60453, 69919.43195, 69959.03649, 135230270.38529, 1142226443.85335,    1.00000,    1.00000 
   3.56000,   16.12000,   41.56828, 70402.85921, 70444.42749, 136165260.80105, 1149983225.84299,    1.00000,    1.00000 
   3.58000,   16.12000,   36.97928, 71039.16110, 71076.14039, 137395924.07399, 1160423533.65250,    1.00000,    1.00000 
   3.60000,   16.12000,   31.40482, 71392.39443, 71423.79925, 138079108.09662, 1166073374.58739,    1.00000,    1.00000 
   3.62000,   16.12000,   46.91700, 72168.32293, 72215.23993, 139579821.37223, 1178897767.20781,    1.00000,    1.00000 
   3.64000,   16.12000,   33.61589, 73125.83511, 73159.45100, 141431733.32198, 1194394265.35251,    1.00000,    1.00000 
   3.66000,   16.12000,   37.04928, 73873.10454, 73910.15382, 142877017.47177, 1206582296.36524,    1.00000,    1.00000 
   3.68000,   16.12000,   35.56965, 75943.78244, 75979.35209, 146881888.85677, 1240308432.47582,    1.00000,    1.00000 
   3.70000,   16.12000,   43.79547, 78523.36650, 78567.16197, 151871029.07530, 1282505947.35534,    1.00000,    1.00000 
   3.72000,   16.12000,   34.79520, 79431.89633, 79466.69154, 153628204.89586, 1297385757.56500,    1.00000,    1.00000 
   3.74000,   16.12000,   36.66311, 79168.62930, 79205.29241, 153119023.52471, 1292942589.95535,    1.00000,    1.00000 
   3.76000,   16.12000,   46.44325, 79670.96962, 79717.41287, 154090593.44649, 1301393746.99350,    1.00000,    1.00000 
   3.78000,   16.12000,   33.83577, 80650.84991, 80684.68567, 155985767.25894, 1317191279.61985,    1.00000,    1.00000 
   3.80000,   16.12000,   30.34417, 81587.91321, 81618.25738, 157798129.29127, 1332431654.16785,    1.00000,    1.00000 
   3.82000,   16.12000,   42.84434, 81950.75732, 81993.60166, 158499901.40164, 1338323211.75055,    1.00000,    1.00000 
   3.84000,   16.12000,   39.60762, 83390.03574, 83429.64336, 161283591.20276, 1362034458.72265,    1.00000,    1.00000 
   3.86000,   16.12000,   40.69944, 84286.04459, 84326.74403, 163016550.35735, 1376623491.85187,    1.00000,    1.00000 
   3.88000,   16.12000,   40.16846, 86029.35586, 86069.52432, 166388266.16746, 1405007138.29764,    1.00000,    1.00000 
   3.90000,   16.12000,   43.25139, 86602.18150, 86645.43289, 167496160.84385, 1414417601.43542,    1.00000,    1.00000 
   3.92000,   16.12000,   36.12561, 87372.03658, 87408.16218, 168985127.59569, 1426882418.69517,    1.00000,    1.00000 
   3.94000,   16.12000,   36.06427, 88332.04302, 88368.10728, 170841863.65675, 1442577504.35471,    1.00000,    1.00000 
   3.96000,   16.12000,   39.06523, 88007.22573, 88046.29096, 170213638.74069, 1437139488.74678,    1.00000,    1.00000 
   3.98000,   16.12000,   35.57816, 88278.46277, 88314.04093, 170738234.79183, 1441706631.66214,    1.00000,    1.00000 
   4.00000,   16.12000,   38.21503, 88781.38427, 88819.59930, 171710928.77243, 1449974524.12618,    1.00000,    1.00000 
   4.02000,   16.12000,   33.22106, 89171.33091, 89204.55197, 172465119.53347, 1456324574.17017,    1.00000,    1.00000 
   4.04000,   16.12000,   32.99894, 89545.71346, 89578.71240, 173189207.98743, 1462355680.83427,    1.00000,    1.00000 
   4.06000,   16.12000,   43.96923, 89069.18031, 89113.14955, 172267551.38342, 1454718352.45793,    1.00000,    1.00000 
   4.08000,   16.12000,   46.33728, 92116.73623, 92163.07351, 178161789.93211, 1504163127.00860,    1.00000,    1.00000 
   4.10000,   16.12000,   38.94576, 98152.52944, 98191.47520, 189835539.61910, 1602861063.13021,    1.00000,    1.00000 
   4.12000,   16.12000,   33.42382, 98791.10344, 98824.52726, 191070597.35396, 1613279860.83578,    1.00000,    1.00000 
   4.14000,   16.12000,   48.09324, 100714.21992, 100762.31316, 194790072.10171, 1644609569.45205,    1.00000,    1.00000 
   4.16000,   16.12000,   39.32602, 106066.33226, 106105.65827, 205141523.44962, 1731901606.54859,    1.00000,    1.00000 
   4.18000,   16.12000,   34.95558, 106930.87335, 106965.82893, 206813621.21448, 1746075610.12976,    1.00000,    1.00000 
   4.20000,   16.12000,   41.65221, 107870.20172, 107911.85392, 208630364.08027, 1761406930.71908,    1.00000,    1.00000 
   4.22000,   16.12000,   41.93283, 108873.84854, 108915.78137, 210571504.43468, 1777917158.37950,    1.00000,    1.00000 
   4.24000,   16.12000,   41.65565, 109162.01927, 109203.67492, 211128851.72583, 1782671180.05747,    1.00000,    1.00000 
   4.26000,   16.12000,   47.56187, 109383.89137, 109431.45324, 211557971.68210, 1786004073.45399,    1.00000,    1.00000 
   4.28000,   16.12000,   35.55050, 110448.91725, 110484.46775, 213617824.48686, 1803545798.95878,    1.00000,    1.00000 
   4.30000,   16.12000,   41.05216, 110965.80109, 111006.85324, 214617522.84348, 1811985528.35766,    1.00000,    1.00000 
   4.32000,   16.12000,   41.06227, 112398.39865, 112439.46093, 217388291.29689, 1835356500.70915,    1.00000,    1.00000 
   4.34000,   16.12000,   40.46941, 114805.07256, 114845.54197, 222043008.20943, 1874619815.41171,    1.00000,    1.00000 
   4.36000,   16.12000,   36.83165, 115966.59272, 116003.42437, 224289489.35859, 1893582490.23002,    1.00000,    1.00000 
   4.38000,   16.12000,   43.61947, 118043.60501, 118087.22449, 228306612.01335, 1927569107.82530,    1.00000,    1.00000 
   4.40000,   16.12000,   39.39837, 121423.15467, 121462.55305, 234842955.36812, 1982675512.56838,    1.00000,    1.00000 
   4.42000,   16.12000,   40.56703, 122696.09953, 122736.66656, 237304941.57506, 2003278716.37903,    1.00000,    1.00000 
   4.44000,   16.12000,   42.85769, 126768.48111, 126811.33880, 245181282.19208, 2069879491.65831,    1.00000,    1.00000 
   4.46000,   16.12000,   42.63206, 127970.95270, 128013.58476, 247506966.96484, 2089517617.98602,    1.00000,    1.00000 
   4.48000,   16.12000,   40.14811, 128715.17316, 128755.32127, 248946354.14042, 2101632700.17737,    1.00000,    1.00000 
   4.50000,   16.12000,   36.16089, 129026.68114, 129062.84203, 249548837.70549, 2106760713.47740,    1.00000,    1.00000 
   4.52000,   16.12000,   40.33747, 130298.26019, 130338.59765, 252008182.32101, 2127291754.79535,    1.00000,    1.00000 
   4.54000,   16.12000,   37.67010, 131629.91794, 131667.58804, 254583724.38405, 2149198629.62502,    1.00000,    1.00000 
   4.56000,   16.12000,   47.49159, 132758.72309, 132806.21468, 256766931.85161, 2167518468.81367,    1.00000,    1.00000 
   4.58000,   16.12000,   41.47512, 135097.66668, 135139.14180, 261290652.44906, 2205766905.75889,    1.00000,    1.00000 
   4.60000,   16.12000,   33.98578, 136436.82060, 136470.80639, 263880692.74883, 2227485607.95396,    1.00000,    1.00000 
   4.62000,   16.12000,   49.02850, 139754.05339, 139803.08190, 270296509.85267, 2281697009.57771,    1.00000,    1.00000 
   4.64000,   16.12000,   45.89381, 143193.95413, 143239.84794, 276949577.44222, 2338046333.89474,    1.00000,    1.00000 
   4.66000,   16.12000,   41.68427, 145019.28147, 145060.96573, 280479919.47427, 2367777535.09881,    1.00000,    1.00000 
   4.68000,   16.12000,   32.91975, 146019.99143, 146052.91118, 282415379.69530, 2384018801.92058,    1.00000,    1.00000 
   4.70000,   16.12000,   31.51927, 146309.13086, 146340.65013, 282974600.51675, 2388658450.40080,    1.00000,    1.00000 
   4.72000,   16.12000,   36.05901, 146937.07225, 146973.13126, 284189093.86083, 2399052018.22512,    1.00000,    1.00000 
   4.74000,   16.12000,   44.54436, 147578.09517, 147622.63952, 285428887.99896, 2409387918.70231,    1.00000,    1.00000 
   4.76000,   16.12000,   39.84937, 150691.43545, 150731.28482, 291450359.23912, 2460334588.12576,    1.00000,    1.00000 
   4.78000,   16.12000,   50.47857, 152090.87069, 152141.34926, 294156988.87071, 2483139214.71149,    1.00000,    1.00000 
   4.80000,   16.12000,   41.37143, 156570.68256, 156612.05399, 302821335.14983, 2555954852.54886,    1.00000,    1.00000 
   4.82000,   16.12000,   46.01773, 161618.83879, 161664.85652, 312584908.91920, 2638635428.81041,    1.00000,    1.00000 
   4.84000,   16.12000,   45.86074, 164223.98906, 164269.84980, 317623496.40221, 2680780038.12812,    1.00000,    1.00000 
   4.86000,   16.12000,   39.01321, 168501.55774, 168540.57095, 325896686.74501, 2750913406.20058,    1.00000,    1.00000 
   4.88000,   16.12000,   36.32141, 170181.35437, 170217.67578, 329145559.72954, 2778325346.43916,    1.00000,    1.00000 
   4.90000,   16.12000,   41.55601, 170035.53790, 170077.09391, 328863537.97790, 2775822207.27124,    1.00000,    1.00000 
   4.92000,   16.12000,   41.51099, 172072.47423, 172113.98522, 332803150.22672, 2809142226.89107,    1.00000,    1.00000 
   4.94000,   16.12000,   31.79698, 172730.42973, 172762.22671, 334075693.46195, 2819955092.92674,    1.00000,    1.00000 
   4.96000,   16.12000,   37.30604, 173082.71588, 173120.02192, 334757045.55321, 2825849308.24327,    1.00000,    1.00000 
   4.98000,   16.12000,   32.35771, 173740.61101, 173772.96873, 336029472.03038, 2836448770.17137,    1.00000,    1.00000 
   5.00000,   16.12000,   39.53706, 173930.91184, 173970.44890, 336397530.39733, 2839535676.55247,    1.00000,    1.00000 
   5.02000,   16.12000,   45.17463, 174908.29066, 174953.46529, 338287866.15562, 2855605362.33867,    1.00000,    1.00000 
   5.04000,   16.12000,   41.49246, 177410.78284, 177452.27530, 343127903.96235, 2896249612.94202,    1.00000,    1.00000 
   5.06000,   16.12000,   39.42697, 179821.57744, 179861.00441, 347790590.66327, 2935759359.09502,    1.00000,    1.00000 
   5.08000,   16.12000,   44.04479, 180699.09342, 180743.13821, 349487782.99401, 2950171686.11570,    1.00000,    1.00000 
   5.10000,   16.12000,   53.87029, 185264.14971, 185318.02000, 358316999.39902, 3024404375.75881,    1.00000,    1.00000 
   5.12000,   16.12000,   35.99249, 192187.16311, 192223.15560, 371706710.21182, 3137498901.70710,    1.00000,    1.00000 
   5.14000,   16.12000,   40.33396, 192195.80387, 192236.13783, 371723422.19812, 3137566849.30957,    1.00000,    1.00000 
   5.16000,   16.12000,   36.97770, 193110.16076, 193147.13846, 373491868.05389, 3152598865.53156,    1.00000,    1.00000 
   5.18000,   16.12000,   41.41299, 193741.10637, 193782.51936, 374712171.80314, 3162911145.64819,    1.00000,    1.00000 
   5.20000,   16.12000,   44.58404, 194324.22599, 194368.81003, 375839975.94355, 3172260739.82992,    1.00000,    1.00000 
   5.22000,   16.12000,   35.08868, 195598.47137, 195633.56004, 378304477.46591, 3193142431.51995,    1.00000,    1.00000 
   5.24000,   16.12000,   49.91147, 196227.49565, 196277.40712, 379521065.20638, 3203592812.27233,    1.00000,    1.00000 
   5.26000,   16.12000,   33.52251, 198014.17670, 198047.69922, 382976661.96079, 3232541531.64677,    1.00000,    1.00000 
   5.28000,   16.12000,   36.13308, 199852.34985, 199888.48293, 386531848.90303, 3262532237.85065,    1.00000,    1.00000 
   5.30000,   16.12000,   44.83131, 201370.16014, 201414.99146, 389467426.18912, 3287167562.86189,    1.00000,    1.00000 
   5.32000,   16.12000,   29.79142, 202869.17358, 202898.96500, 392366648.71481, 3311714759.50070,    1.00000,    1.00000 
   5.34000,   16.12000,   41.96648, 203062.54535, 203104.51183, 392740646.55941, 3315079470.24158,    1.00000,    1.00000 
   5.36000,   16.12000,   52.49403, 203424.04628, 203476.54031, 393439820.84123, 3321031209.03695,    1.00000,    1.00000 
   5.38000,   16.12000,   41.20527, 204212.44446, 204253.64974, 394964651.58953, 3333742582.54210,    1.00000,    1.00000 
   5.40000,   16.12000,   44.28010, 204123.76049, 204168.04058, 394793129.04951, 3332236922.59076,    1.00000,    1.00000 
   5.42000,   16.12000,   45.89586, 206748.40896, 206794.30482, 399869427.76438, 3375078511.65635,    1.00000,    1.00000 
   5.44000,   16.12000,   40.92530, 208285.36741, 208326.29271, 402842039.25543, 3400174557.11746,    1.00000,    1.00000 
   5.46000,   16.12000,   40.20490, 209455.97063, 209496.17552, 405106087.82154, 3419245324.17611,    1.00000,    1.00000 
   5.48000,   16.12000,   37.61981, 209973.83337, 210011.45318, 406107679.46272, 3427601003.46247,    1.00000,    1.00000 
   5.50000,   16.12000,   45.00592, 210495.48999, 210540.49590, 407116608.78980, 3436392046.32688,    1.00000,    1.00000 
   5.52000,   16.12000,   43.46533, 210421.78436, 210465.24970, 406974055.69957, 3435213138.99764,    1.00000,    1.00000 
   5.54000,   16.12000,   35.51238, 211193.94697, 211229.45935, 408467485.42268, 3447639097.77413,    1.00000,    1.00000 
   5.56000,   16.12000,   45.44063, 217811.23192, 217856.67255, 421265890.79503, 3555392254.36237,    1.00000,    1.00000 
   5.58000,   16.12000,   34.42996, 231132.25500, 231166.68496, 447029909.49287, 3773039934.97746,    1.00000,    1.00000 
   5.60000,   16.12000,   37.61163, 231531.76216, 231569.37380, 447802591.14413, 3779562007.22905,    1.00000,    1.00000 
   5.62000,   16.12000,   38.36483, 232090.87061, 232129.23544, 448883955.57301, 3788503355.38218,    1.00000,    1.00000 
   5.64000,   16.12000,   34.13202, 233676.49027, 233710.62229, 451950682.07734, 3814585230.63937,    1.00000,    1.00000 
   5.66000,   16.12000,   34.20591, 233237.02520, 233271.23111, 451100718.36219, 3807267727.35524,    1.00000,    1.00000 
   5.68000,   16.12000,   36.68563, 233545.96762, 233582.65325, 451698239.90853, 3812459550.30561,    1.00000,    1.00000 
   5.70000,   16.12000,   32.43688, 233009.90052, 233042.33740, 450661439.43965, 3803649874.18150,    1.00000,    1.00000 
   5.72000,   16.12000,   36.70067, 232921.76648, 232958.46714, 450490980.53117, 3802208795.29957,    1.00000,    1.00000 
   5.74000,   16.12000,   40.65945, 234070.61562, 234111.27507, 452712954.82854, 3821070918.45206,    1.00000,    1.00000 
   5.76000,   16.12000,   41.71798, 235995.46497, 236037.18295, 456435781.08978, 3852389448.05415,    1.00000,    1.00000 
   5.78000,   16.12000,   40.80791, 237542.99915, 237583.80707, 459428846.97628, 3877468687.97716,    1.00000,    1.00000 
   5.80000,   16.12000,   39.65845, 237731.25066, 237770.90911, 459792941.77489, 3880812207.79059,    1.00000,    1.00000 
   5.82000,   16.12000,   44.19972, 238438.02264, 238482.22236, 461159900.34375, 3892258467.64993,    1.00000,    1.00000 
   5.84000,   16.12000,   40.83114, 240457.65109, 240498.48224, 465066037.65232, 3925065766.68581,    1.00000,    1.00000 
   5.86000,   16.12000,   43.39932, 242216.66783, 242260.06715, 468468129.20983, 3953908942.77422,    1.00000,    1.00000 
   5.88000,   16.12000,   39.85037, 242392.21972, 242432.07009, 468807661.84243, 3956758521.78307,    1.00000,    1.00000 
   5.90000,   16.12000,   36.48388, 242441.52854, 242478.01242, 468903029.39765, 3957624844.49297,    1.00000,    1.00000 
   5.92000,   16.12000,   46.79444, 242431.82396, 242478.61840, 468884259.90481, 3957420645.02821,    1.00000,    1.00000 
   5.94000,   16.12000,   41.20192, 244106.13778, 244147.33970, 472122528.63999, 3984745404.99699,    1.00000,    1.00000 
   5.96000,   16.12000,   44.05366, 244577.49112, 244621.54478, 473034167.05031, 3992553444.04496,    1.00000,    1.00000 
   5.98000,   16.12000,   37.32080, 246676.80985, 246714.13064, 477094432.28053, 4026687577.20797,    1.00000,    1.00000 
   6.00000,   16.12000,   39.79831, 248084.67677, 248124.47507, 479817369.50762, 4049637462.51014,    1.00000,    1.00000 
   6.02000,   16.12000,   34.89084, 249156.17352, 249191.06437, 481889737.55011, 4067159360.57926,    1.00000,    1.00000 
   6.04000,   16.12000,   31.44250, 249814.05650, 249845.49900, 483162140.52230, 4077920346.72278,    1.00000,    1.00000 
   6.06000,   16.12000,   35.35862, 250623.74863, 250659.10725, 484728155.60621, 4091062164.23553,    1.00000,    1.00000 
   6.08000,   16.12000,   38.23340, 251009.32922, 251047.56262, 485473902.05496, 4097448645.36138,    1.00000,    1.00000 
   6.10000,   16.12000,   41.35164, 250835.42855, 250876.78019, 485137563.00753, 4094692181.29443,    1.00000,    1.00000 
   6.12000,   16.12000,   38.91979, 252004.53515, 252043.45493, 487398716.97719, 4113546675.72824,    1.00000,    1.00000 
   6.14000,   16.12000,   38.06819, 253751.84310, 253789.91130, 490778162.73399, 4142182269.21629,    1.00000,    1.00000 
   6.16000,   16.12000,   43.12202, 255171.20611, 255214.32813, 493523334.39791, 4165298125.71743,    1.00000,    1.00000 
   6.18000,   16.12000,   35.16666, 257697.32755, 257732.49421, 498409073.24587, 4206560829.42019,    1.00000,    1.00000 
   6.20000,   16.12000,   33.58880, 258523.76104, 258557.34984, 500007467.59159, 4220074417.88220,    1.00000,    1.00000 
   6.22000,   16.12000,   53.24926, 262714.56240, 262767.81166, 508112842.38377, 4288411608.81259,    1.00000,    1.00000 
   6.24000,   16.12000,   41.63888, 272712.11249, 272753.75137, 527448974.90268, 4451656551.36568,    1.00000,    1.00000 
   6.26000,   16.12000,   41.31233, 273852.30622, 273893.61855, 529654208.85661, 4470336543.60481,    1.00000,    1.00000 
   6.28000,   16.12000,   35.14265, 273993.59962, 274028.74227, 529927482.60188, 4472544435.17956,    1.00000,    1.00000 
   6.30000,   16.12000,   47.40886, 275751.50908, 275798.91794, 533327432.59468, 4501198440.58310,    1.00000,    1.00000 
   6.32000,   16.12000,   40.90769, 278929.27920, 278970.18689, 539473516.74816, 4553026599.53082,    1.00000,    1.00000 
   6.34000,   16.12000,   40.93733, 278389.37405, 278430.31139, 538429293.16949, 4544339387.17476,    1.00000,    1.00000 
   6.36000,   16.12000,   39.53600, 278696.53312, 278736.06911, 539023365.54738, 4549193283.98050,    1.00000,    1.00000 
   6.38000,   16.12000,   41.41818, 282705.30302, 282746.72120, 546776675.63831, 4614588191.57272,    1.00000,    1.00000 
   6.40000,   16.12000,   39.65539, 287895.54152, 287935.19691, 556815048.89960, 4699349811.00566,    1.00000,    1.00000 
   6.42000,   16.12000,   40.67673, 289478.72363, 289519.40036, 559877060.96801, 4725389099.49010,    1.00000,    1.00000 
   6.44000,   16.12000,   36.22869, 291178.96915, 291215.19784, 563165483.87701, 4752988963.71756,    1.00000,    1.00000 
   6.46000,   16.12000,   45.21178, 292613.66876, 292658.88054, 565940317.85975, 4776497340.63296,    1.00000,    1.00000 
   6.48000,   16.12000,   43.95716, 294230.19728, 294274.15444, 569066824.78838, 4802821850.89413,    1.00000,    1.00000 
   6.50000,   16.12000,   43.38639, 294439.35029, 294482.73668, 569471344.93710, 4806336675.25675,    1.00000,    1.00000 
   6.52000,   16.12000,   28.14135, 294334.77362, 294362.91498, 569269084.55460, 4804425673.32521,    1.00000,    1.00000 
   6.54000,   16.12000,   45.37999, 294769.10402, 294814.48401, 570109117.37254, 4811446447.11757,    1.00000,    1.00000 
   6.56000,   16.12000,   41.46144, 296819.62513, 296861.08658, 574075003.77090, 4845119476.51431,    1.00000,    1.00000 
   6.58000,   16.12000,   34.32374, 297750.71112, 297785.03486, 575875805.14359, 4860295551.48647,    1.00000,    1.00000 
   6.60000,   16.12000,   39.15587, 299616.50147, 299655.65735, 579484406.17812, 4890528305.82905,    1.00000,    1.00000 
   6.62000,   16.12000,   31.41698, 301749.54560, 301780.96258, 583609899.27383, 4925409114.10365,    1.00000,    1.00000 
   6.64000,   16.12000,   45.16365, 301941.18281, 301986.34647, 583980542.33572, 4928646488.65155,    1.00000,    1.00000 
   6.66000,   16.12000,   31.08015, 303372.56718, 303403.64733, 586748964.34965, 4951977084.39515,    1.00000,    1.00000 
   6.68000,   16.12000,   38.93772, 304273.11788, 304312.05560, 588490707.82848, 4966629480.93517,    1.00000,    1.00000 
   6.70000,   16.12000,   40.13709, 305771.40881, 305811.54590, 591388532.97180, 4991114489.77122,    1.00000,    1.00000 
   6.72000,   16.12000,   35.38678, 306491.24476, 306526.63155, 592780758.39364, 5002864354.11323,    1.00000,    1.00000 
   6.74000,   16.12000,   38.13901, 307317.49598, 307355.63498, 594378800.19402, 5016436574.67465,    1.00000,    1.00000 
   6.76000,   16.12000,   37.88270, 308746.31294, 308784.19564, 597142256.62249, 5039629436.08814,    1.00000,    1.00000 
   6.78000,   16.12000,   42.49317, 310329.52430, 310372.01747, 600204325.27704, 5065517377.57872,    1.00000,    1.00000 
   6.80000,   16.12000,   41.28500, 314611.77503, 314653.06004, 608486571.12054, 5135039102.22146,    1.00000,    1.00000 
   6.82000,   16.12000,   36.68021, 322186.60874, 322223.28895, 623136959.16218, 5259018497.78250,    1.00000,    1.00000 
   6.84000,   16.12000,   33.67283, 322477.50744, 322511.18027, 623699582.57893, 5263599194.64459,    1.00000,    1.00000 
   6.86000,   16.12000,   38.77715, 322646.95748, 322685.73463, 624027313.71986, 5266464975.99755,    1.00000,    1.00000 
   6.88000,   16.12000,   35.02516, 323611.34947, 323646.37463, 625892531.80560, 5282279108.91011,    1.00000,    1.00000 
   6.90000,   16.12000,   35.49124, 324278.68426, 324314.17551, 627183215.41934, 5293147693.63915,    1.00000,    1.00000 
   6.92000,   16.12000,   46.63289, 324412.79819, 324459.43108, 627442603.42340, 5295327874.71297,    1.00000,    1.00000 
   6.94000,   16.12000,   42.17675, 325838.06742, 325880.24417, 630199198.25140, 5318583626.75128,    1.00000,    1.00000 
   6.96000,   16.12000,   37.18911, 327426.51056, 327463.69967, 633271385.60912, 5344447815.10952,    1.00000,    1.00000 
   6.98000,   16.12000,   37.16092, 328425.98222, 328463.14314, 635204450.83526, 5360748887.81716,    1.00000,    1.00000 
   7.00000,   16.12000,   37.73301, 329241.97659, 329279.70960, 636782655.01314, 5374163501.39397,    1.00000,    1.00000 
   7.02000,   16.12000,   45.27303, 328843.55584, 328888.82887, 636012074.58710, 5367823044.71498,    1.00000,    1.00000 
   7.04000,   16.12000,   35.05331, 333025.78122, 333060.83453, 644100862.68654, 5435891428.12381,    1.00000,    1.00000 
   7.06000,   16.12000,   46.60519, 333584.32658, 333630.93177, 645181138.04593, 5445113399.24791,    1.00000,    1.00000 
   7.08000,   16.12000,   37.63686, 335446.58056, 335484.21742, 648782899.41885, 5475374373.73068,    1.00000,    1.00000 
   7.10000,   16.12000,   43.04111, 335155.34443, 335198.38554, 648219623.37849, 5470608797.11458,    1.00000,    1.00000 
   7.12000,   16.12000,   31.14370, 335273.53877, 335304.68248, 648448221.53487, 5472519717.47695,    1.00000,    1.00000 
   7.14000,   16.12000,   38.11956, 335748.57273, 335786.69228, 649366978.56771, 5480287396.72771,    1.00000,    1.00000 
   7.16000,   16.12000,   31.55400, 336963.24050, 336994.79450, 651716251.82854, 5500155734.29437,    1.00000,    1.00000 
   7.18000,   16.12000,   41.45012, 337417.10107, 337458.55119, 652594057.69063, 5507718972.66498,    1.00000,    1.00000 
   7.20000,   16.12000,   38.76988, 337950.24691, 337989.01678, 653625208.16797, 5516146080.29513,    1.00000,    1.00000 
   7.22000,   16.12000,   39.06754, 342028.50820, 342067.57574, 661512920.67020, 5582874988.70520,    1.00000,    1.00000 
   7.24000,   16.12000,   34.47906, 346943.35779, 346977.83685, 671018667.78635, 5663029188.45187,    1.00000,    1.00000 
   7.26000,   16.12000,   46.73042, 351274.30653, 351321.03695, 679395099.82208, 5733352496.54895,    1.00000,    1.00000 
   7.28000,   16.12000,   40.13262, 358635.16898, 358675.30160, 693631648.82975, 5853862860.95891,    1.00000,    1.00000 
   7.30000,   16.12000,   32.80625, 359194.55504, 359227.36129, 694713550.17122, 5862843444.66494,    1.00000,    1.00000 
   7.32000,   16.12000,   38.10935, 360608.98540, 360647.09475, 697449181.66139, 5886007327.49107,    1.00000,    1.00000 
   7.34000,   16.12000,   34.23138, 362123.65826, 362157.88964, 700378690.88106, 5910777344.06561,    1.00000,    1.00000 
   7.36000,   16.12000,   37.12422, 363139.20151, 363176.32573, 702342839.97632, 5927361312.00532,    1.00000,    1.00000 
   7.38000,   16.12000,   36.13445, 363289.48868, 363325.62314, 702633508.45398, 5929920256.34752,    1.00000,    1.00000 
   7.40000,   16.12000,   33.39036, 362532.64759, 362566.03796, 701169711.87519, 5917412359.15971,    1.00000,    1.00000 
   7.42000,   16.12000,   39.39961, 362467.18935, 362506.58896, 701043109.93903, 5916263475.82529,    1.00000,    1.00000 
   7.44000,   16.12000,   46.51181, 364034.08940, 364080.60120, 704073631.07416, 5942108174.66198,    1.00000,    1.00000 
   7.46000,   16.12000,   40.14759, 366719.39969, 366759.54728, 709267255.03015, 5985798444.14303,    1.00000,    1.00000 
   7.48000,   16.12000,   42.65654, 369371.56835, 369414.22490, 714396780.19897, 6028949267.58354,    1.00000,    1.00000 
   7.50000,   16.12000,   38.11240, 371401.42445, 371439.53686, 718322698.66719, 6062207946.76130,    1.00000,    1.00000 
   7.52000,   16.12000,   54.06232, 377029.19586, 377083.25817, 729207298.65919, 6154344210.73502,    1.00000,    1.00000 
   7.54000,   16.12000,   31.84746, 389935.92847, 389967.77592, 754170043.51714, 6364556903.08098,    1.00000,    1.00000 
   7.56000,   16.12000,   46.80947, 389732.13357, 389778.94304, 753775886.43672, 6361352978.22221,    1.00000,    1.00000 
   7.58000,   16.12000,   41.68235, 392256.44193, 392298.12428, 758658118.64851, 6402478425.47580,    1.00000,    1.00000 
   7.60000,   16.12000,   32.79407, 396864.75047, 396897.54453, 767570988.66931, 6477722626.50744,    1.00000,    1.00000 
   7.62000,   16.12000,   44.80491, 397160.78986, 397205.59477, 768143554.63721, 6482623366.16042,    1.00000,    1.00000 
   7.64000,   16.12000,   32.78047, 399195.51484, 399228.29531, 772078889.93453, 6515736635.44967,    1.00000,    1.00000 
   7.66000,   16.12000,   41.26868, 401525.32918, 401566.59786, 776584953.77059, 6553733707.55455,    1.00000,    1.00000 
   7.68000,   16.12000,   41.49747, 404141.09959, 404182.59706, 781644081.53717, 6596503278.47039,    1.00000,    1.00000 
   7.70000,   16.12000,   41.31549, 405093.24917, 405134.56466, 783485621.73652, 6612118902.99453,    1.00000,    1.00000 
   7.72000,   16.12000,   36.95947, 404885.03354, 404921.99301, 783082914.58851, 6608675879.85887,    1.00000,    1.00000 
   7.74000,   16.12000,   39.77582, 404151.03036, 404190.80618, 781663288.50681, 6596663582.61587,    1.00000,    1.00000 
   7.76000,   16.12000,   33.35315, 403064.09477, 403097.44792, 779561060.42753, 6578883322.30857,    1.00000,    1.00000 
   7.78000,   16.12000,   50.27418, 400949.47967, 400999.75384, 775471210.66059, 6544210819.21866,    1.00000,    1.00000 
   7.80000,   16.12000,   40.05049, 400242.83077, 400282.88127, 774104490.16211, 6532787694.31427,    1.00000,    1.00000 
   7.82000,   16.12000,   37.39600, 399693.32154, 399730.71754, 773041691.44995, 6523872638.03000,    1.00000,    1.00000 
   7.84000,   16.12000,   29.22317, 400047.91420, 400077.13736, 773727504.53110, 6529534455.92296,    1.00000,    1.00000 
   7.86000,   16.12000,   32.27576, 401236.02275, 401268.29851, 776025409.94177, 6549027216.32409,    1.00000,    1.00000 
   7.88000,   16.12000,   41.92146, 402229.04652, 402270.96798, 777946004.39006, 6565202966.55913,    1.00000,    1.00000 
   7.90000,   16.12000,   33.97541, 404085.34230, 404119.31771, 781536242.07921, 6595576169.66751,    1.00000,    1.00000 
   7.92000,   16.12000,   35.93212, 404212.73896, 404248.67108, 781782638.32052, 6597567707.67000,    1.00000,    1.00000 
   7.94000,   16.12000,   34.04292, 403799.34326, 403833.38618, 780983095.03715, 6590854027.00686,    1.00000,    1.00000 
   7.96000,   16.12000,   37.13608, 404014.04573, 404051.18181, 781398348.30636, 6594334895.66455,    1.00000,    1.00000 
   7.98000,   16.12000,   37.44461, 404213.67357, 404251.11818, 781784445.93993, 6597761375.53116,    1.00000,    1.00000 
   8.00000,   16.12000,   42.32693, 405135.59421, 405177.92114, 783567520.74559, 6612730331.77149,    1.00000,    1.00000 
   8.02000,   16.12000,   38.60552, 406115.69242, 406154.29794, 785463116.03273, 6628582623.11231,    1.00000,    1.00000 
   8.04000,   16.12000,   31.84144, 406308.94934, 406340.79078, 785836891.74528, 6631832820.58139,    1.00000,    1.00000 
   8.06000,   16.12000,   49.97807, 406633.92310, 406683.90116, 786465419.29275, 6637166247.79568,    1.00000,    1.00000 
   8.08000,   16.12000,   33.76344, 407782.10914, 407815.87259, 788686111.09652, 6655798319.81927,    1.00000,    1.00000 
   8.10000,   16.12000,   28.17383, 407237.51441, 407265.68824, 787632817.44705, 6646932510.50973,    1.00000,    1.00000 
   8.12000,   16.12000,   42.12306, 407336.60696, 407378.73003, 787824471.08244, 6648674380.06712,    1.00000,    1.00000 
   8.14000,   16.12000,   34.57451, 407744.96397, 407779.53847, 788614269.09238, 6655289837.38071,    1.00000,    1.00000 
   8.16000,   16.12000,   43.64728, 408238.94402, 408282.59130, 789569669.53571, 6663361204.34557,    1.00000,    1.00000 
   8.18000,   16.12000,   38.12683, 411264.16127, 411302.28810, 795420703.13617, 6712657476.45882,    1.00000,    1.00000 
   8.20000,   16.12000,   40.95540, 414089.42555, 414130.38095, 800885010.30445, 6758817384.40828,    1.00000,    1.00000 
   8.22000,   16.12000,   49.77253, 415788.29355, 415838.06608, 804170768.95758, 6786562188.03252,    1.00000,    1.00000 
   8.24000,   16.12000,   43.25665, 417466.67878, 417509.93543, 807416912.15875, 6813906619.13210,    1.00000,    1.00000 
   8.26000,   16.12000,   40.99781, 418038.90488, 418079.90269, 808523647.26560, 6823260745.48208,    1.00000,    1.00000 
   8.28000,   16.12000,   34.23032, 417519.85538, 417554.08570, 807519760.33491, 6814572562.23840,    1.00000,    1.00000 
   8.30000,   16.12000,   38.81978, 419150.97391, 419189.79370, 810674485.62284, 6841413979.65749,    1.00000,    1.00000 
   8.32000,   16.12000,   45.43489, 419339.59917, 419385.03405, 811039303.29039, 6844400226.73909,    1.00000,    1.00000 
   8.34000,   16.12000,   44.42695, 419815.94676, 419860.37371, 811960601.02142, 6852351148.05207,    1.00000,    1.00000 
   8.36000,   16.12000,   43.21985, 421535.31858, 421578.53843, 815286015.85557, 6880433530.61356,    1.00000,    1.00000 
   8.38000,   16.12000,   42.47545, 422122.67908, 422165.15453, 816422022.21392, 6889923956.66278,    1.00000,    1.00000 
   8.40000,   16.12000,   31.34553, 420976.79896, 421008.14449, 814205790.27288, 6871125863.61878,    1.00000,    1.00000 
   8.42000,   16.12000,   46.24596, 421841.76582, 421888.01178, 815878711.49838, 6885360848.02810,    1.00000,    1.00000 
   8.44000,   16.12000,   42.59840, 426711.40712, 426754.00553, 825297021.85923, 6964728491.84671,    1.00000,    1.00000 
   8.46000,   16.12000,   29.12566, 429935.83370, 429964.95936, 831533343.65584, 7017317023.72250,    1.00000,    1.00000 
   8.48000,   16.12000,   38.35246, 429880.49123, 429918.84369, 831426306.50172, 7016597928.91067,    1.00000,    1.00000 
   8.50000,   16.12000,   33.59866, 431422.33298, 431455.93163, 834408362.71344, 7041670763.76103,    1.00000,    1.00000 
   8.52000,   16.12000,   33.66542, 431764.84179, 431798.50721, 835070804.59591, 7047034833.07704,    1.00000,    1.00000 
   8.54000,   16.12000,   47.24178, 435327.01036, 435374.25214, 841960348.81147, 7104881206.54424,    1.00000,    1.00000 
   8.56000,   16.12000,   35.10581, 442988.29213, 443023.39793, 856777934.94247, 7230378456.77391,    1.00000,    1.00000 
   8.58000,   16.12000,   35.48783, 445299.81976, 445335.30759, 861248630.69387, 7267790794.24747,    1.00000,    1.00000 
   8.60000,   16.12000,   41.33080, 450895.26825, 450936.59905, 872070715.34943, 7359405019.93195,    1.00000,    1.00000 
   8.62000,   16.12000,   39.11350, 454353.35785, 454392.47134, 878758961.77676, 7415889020.56394,    1.00000,    1.00000 
   8.64000,   16.12000,   41.96300, 455723.47963, 455765.44263, 881408896.62968, 7438298578.84811,    1.00000,    1.00000 
   8.66000,   16.12000,   36.65142, 457010.90813, 457047.55955, 883898895.45509, 7459256972.39136,    1.00000,    1.00000 
   8.68000,   16.12000,   37.29864, 456919.60094, 456956.89959, 883722299.41117, 7457857466.42030,    1.00000,    1.00000 
   8.70000,   16.12000,   59.96853, 468251.93909, 468311.90761, 905640028.26643, 7642563912.92709,    1.00000,    1.00000 
   8.72000,   16.12000,   38.42962, 494043.19745, 494081.62707, 955522568.00047, 8063647576.26839,    1.00000,    1.00000 
   8.74000,   16.12000,   33.23925, 494656.11045, 494689.34970, 956707995.11198, 8073650993.79658,    1.00000,    1.00000 
   8.76000,   16.12000,   26.31993, 495351.31956, 495377.63949, 958052590.07885, 8084909016.81961,    1.00000,    1.00000 
   8.78000,   16.12000,   41.98457, 494454.98158, 494496.96615, 956318994.35875, 8070272245.22566,    1.00000,    1.00000 
   8.80000,   16.12000,   45.67638, 495315.92474, 495361.60112, 957984133.40697, 8084452236.90578,    1.00000,    1.00000 
   8.82000,   16.12000,   43.18352, 496434.25891, 496477.44243, 960147089.07932, 8102639759.84210,    1.00000,    1.00000 
   8.84000,   16.12000,   38.03990, 496917.00560, 496955.04550, 961080763.22191, 8110420254.30387,    1.00000,    1.00000 
   8.86000,   16.12000,   38.36768, 498093.49569, 498131.86337, 963356197.51525, 8129712050.15861,    1.00000,    1.00000 
   8.88000,   16.12000,   39.56273, 498870.43017, 498909.99290, 964858856.46356, 8142375883.71440,    1.00000,    1.00000 
   8.90000,   16.12000,   44.94868, 501860.71788, 501905.66656, 970642333.29877, 8191267972.02580,    1.00000,    1.00000 
   8.92000,   16.12000,   34.42079, 507987.96254, 508022.38333, 982492958.06858, 8291137743.61934,    1.00000,    1.00000 
   8.94000,   16.12000,   41.01097, 510342.19044, 510383.20141, 987046239.84351, 8329609948.23123,    1.00000,    1.00000 
   8.96000,   16.12000,   36.44056, 509951.37097, 509987.81152, 986290360.94917, 8323100687.67830,    1.00000,    1.00000 
   8.98000,   16.12000,   37.65115, 509847.84739, 509885.49854, 986090137.33811, 8321535001.09110,    1.00000,    1.00000 
   9.00000,   16.12000,   45.98946, 511291.98116, 511337.97062, 988883217.80744, 8344888946.68545,    1.00000,    1.00000 
   9.02000,   16.12000,   31.95621, 518251.44183, 518283.39804, 1002343420.81003, 8458495826.51122,    1.00000,    1.00000 
   9.04000,   16.12000,   36.01215, 519412.34717, 519448.35932, 1004588712.84623, 8477578255.55245,    1.00000,    1.00000 
   9.06000,   16.12000,   41.47780, 523863.17178, 523904.64957, 1013196995.23450, 8550114389.44765,    1.00000,    1.00000 
   9.08000,   16.12000,   38.68405, 527054.12032, 527092.80437, 1019368567.59536, 8602306510.02617,    1.00000,    1.00000 
   9.10000,   16.12000,   40.16063, 526551.21009, 526591.37072, 1018395895.42670, 8594097599.40010,    1.00000,    1.00000 
   9.12000,   16.12000,   38.20893, 528922.15247, 528960.36139, 1022981504.45340, 8632742393.05791,    1.00000,    1.00000 
   9.14000,   16.12000,   30.16452, 529471.05642, 529501.22094, 1024043132.50629, 8641799537.76790,    1.00000,    1.00000 
   9.16000,   16.12000,   38.32465, 528879.76762, 528918.09227, 1022899528.47554, 8632070812.77313,    1.00000,    1.00000 
   9.18000,   16.12000,   44.99486, 530112.59156, 530157.58641, 1025283917.32155, 8652211753.93793,    1.00000,    1.00000 
   9.20000,   16.12000,   44.03330, 531146.45669, 531190.48999, 1027283502.52718, 8669170677.63761,    1.00000,    1.00000 
   9.22000,   16.12000,   31.39314, 532714.79828, 532746.19142, 1030316811.73496, 8694676588.06028,    1.00000,    1.00000 
   9.24000,   16.12000,   44.27507, 536140.08335, 536184.35842, 1036941611.36131, 8750721673.28364,    1.00000,    1.00000 
   9.26000,   16.12000,   43.93081, 540131.15810, 540175.08891, 1044660697.49927, 8815884623.67705,    1.00000,    1.00000 
   9.28000,   16.12000,   30.35129, 543083.54471, 543113.89600, 1050370870.30952, 8863812223.06023,    1.00000,    1.00000 
   9.30000,   16.12000,   45.17054, 545514.25447, 545559.42501, 1055072074.65492, 8903686619.84291,    1.00000,    1.00000 
   9.32000,   16.12000,   37.37985, 548136.57858, 548173.95843, 1060143877.85270, 8946445606.32519,    1.00000,    1.00000 
   9.34000,   16.12000,   51.39055, 552452.52510, 552503.91566, 1068491294.29391, 9016169983.79949,    1.00000,    1.00000 
   9.36000,   16.12000,   55.64887, 569031.28761, 569086.93648, 1100556064.74671, 9287386413.44385,    1.00000,    1.00000 
   9.38000,   16.12000,   36.53847, 573159.67562, 573196.21409, 1108540726.68556, 9354827018.97243,    1.00000,    1.00000 
   9.40000,   16.12000,   39.66407, 574382.52179, 574422.18586, 1110905817.67959, 9374674804.70708,    1.00000,    1.00000 
   9.42000,   16.12000,   49.14758, 578708.46018, 578757.60776, 1119272559.24120, 9445078073.71236,    1.00000,    1.00000 
   9.44000,   16.12000,   39.41740, 592136.29985, 592175.71724, 1145243170.53900, 9664518375.61735,    1.00000,    1.00000 
   9.46000,   16.12000,   37.86930, 593324.91372, 593362.78302, 1147542053.27895, 9683916138.70906,    1.00000,    1.00000 
   9.48000,   16.12000,   46.75510, 594109.32218, 594156.07728, 1149059167.55667, 9696696156.42843,    1.00000,    1.00000 
   9.50000,   16.12000,   37.79942, 594624.73566, 594662.53509, 1150056022.11531, 9705153936.01602,    1.00000,    1.00000 
   9.52000,   16.12000,   39.71632, 595095.98869, 595135.70501, 1150967466.50752, 9712843667.38288,    1.00000,    1.00000 
   9.54000,   16.12000,   43.54013, 595571.51714, 595615.05727, 1151887179.93748, 9720393053.84058,    1.00000,    1.00000 
   9.56000,   16.12000,   34.41399, 597384.42093, 597418.83493, 1155393493.75575, 9750017183.50601,    1.00000,    1.00000 
   9.58000,   16.12000,   36.36196, 599184.39062, 599220.75257, 1158874791.87713, 9779394135.08947,    1.00000,    1.00000 
   9.60000,   16.12000,   32.76736, 600636.13144, 600668.89879, 1161682585.04698, 9803094674.08287,    1.00000,    1.00000 
   9.62000,   16.12000,   38.21884, 600404.62299, 600442.84183, 1161234827.54553, 9799356617.98281,    1.00000,    1.00000 
   9.64000,   16.12000,   36.22067, 600591.34388, 600627.56455, 1161595962.01123, 9802380466.11891,    1.00000,    1.00000 
   9.66000,   16.12000,   37.83549, 602104.80551, 602142.64101, 1164523128.61232, 9827154805.78017,    1.00000,    1.00000 
   9.68000,   16.12000,   44.59691, 605685.12867, 605729.72558, 1171447785.39623, 9885465855.99945,    1.00000,    1.00000 
   9.70000,   16.12000,   39.25932, 608198.82073, 608238.08005, 1176309484.74043, 9926496079.36715,    1.00000,    1.00000 
   9.72000,   16.12000,   30.33421, 607955.71490, 607986.04911, 1175839296.89633, 9922528494.65007,    1.00000,    1.00000 
   9.74000,   16.12000,   36.73410, 607859.33331, 607896.06741, 1175652886.50907, 9921143202.12584,    1.00000,    1.00000 
   9.76000,   16.12000,   37.89817, 607135.33505, 607173.23322, 1174252610.81468, 9909166909.40066,    1.00000,    1.00000 
   9.78000,   16.12000,   36.22389, 606293.45436, 606329.67825, 1172624340.25354, 9895501540.93485,    1.00000,    1.00000 
   9.80000,   16.12000,   45.69425, 607199.58063, 607245.27488, 1174376867.37401, 9910299520.57446,    1.00000,    1.00000 
   9.82000,   16.12000,   35.25772, 610040.44933, 610075.70705, 1179871354.83810, 9956596738.23104,    1.00000,    1.00000 
   9.84000,   16.12000,   36.83156, 611401.11091, 611437.94247, 1182502992.81618, 9978889418.26761,    1.00000,    1.00000 
   9.86000,   16.12000,   39.92502, 611444.70274, 611484.62776, 1182587303.21576, 9979583837.86772,    1.00000,    1.00000 
   9.88000,   16.12000,   46.57883, 611126.79435, 611173.37319, 1181972440.71835, 9974508578.60255,    1.00000,    1.00000 
   9.90000,   16.12000,   38.53113, 612220.94630, 612259.47743, 1184088625.86654, 9992203893.14780,    1.00000,    1.00000 
   9.92000,   16.12000,   34.24141, 613901.15841, 613935.39982, 1187338302.40491, 10019626495.85196,    1.00000,    1.00000 
   9.94000,   16.12000,   37.84958, 615131.91501, 615169.76459, 1189718692.84744, 10039781621.47681,    1.00000,    1.00000 
   9.96000,   16.12000,   44.85388, 615088.97312, 615133.82700, 1189635639.49504, 10039029016.43337,    1.00000,    1.00000 
   9.98000,   16.12000,   48.40023, 614879.37708, 614927.77731, 1189230262.50545, 10035726157.75986,    1.00000,    1.00000 
  10.00000,   16.12000,   37.84310, 616332.50121, 616370.34431, 1192040731.11568, 10059341840.61532,    1.00000,    1.00000 
