   1.48271,   -1.58283,    1.39845
   1.48271,   -1.58283,    1.39845
   1.48271,   -1.58283,    1.39845
   1.48271,   -1.58283,    1.39845
   1.48271,   -1.58283,    1.39845
   1.48271,   -1.58283,    1.39845
   1.48271,   -1.58283,    1.39845
  -0.78396,    0.78595,    0.06231
  -0.78396,    0.78595,    0.06231
  -0.32188,   -1.48180,    0.60004
  -0.32188,   -1.48180,    0.60004
   1.22010,   -2.45873,   -1.41160
   1.22010,   -2.45873,   -1.41160
   1.22010,   -2.45873,   -1.41160
   1.22010,   -2.45873,   -1.41160
   1.22010,   -2.45873,   -1.41160
   1.22010,   -2.45873,   -1.41160
   1.22010,   -2.45873,   -1.41160
   1.22010,   -2.45873,   -1.41160
   1.22010,   -2.45873,   -1.41160
   1.22010,   -2.45873,   -1.41160
   1.22010,   -2.45873,   -1.41160
   1.22010,   -2.45873,   -1.41160
   1.22010,   -2.45873,   -1.41160
   1.22010,   -2.45873,   -1.41160
   1.22010,   -2.45873,   -1.41160
   1.90789,   -0.52266,   -1.55053
   1.90789,   -0.52266,   -1.55053
   1.90789,   -0.52266,   -1.55053
   1.90789,   -0.52266,   -1.55053
   1.90789,   -0.52266,   -1.55053
   1.90789,   -0.52266,   -1.55053
   1.90789,   -0.52266,   -1.55053
   1.90789,   -0.52266,   -1.55053
   1.90789,   -0.52266,   -1.55053
   1.90789,   -0.52266,   -1.55053
   1.90789,   -0.52266,   -1.55053
  -0.58951,   -1.25982,   -2.52662
  -0.58951,   -1.25982,   -2.52662
  -0.58951,   -1.25982,   -2.52662
  -0.49555,   -0.24472,   -3.20847
  -0.49555,   -0.24472,   -3.20847
  -0.49555,   -0.24472,   -3.20847
  -0.49555,   -0.24472,   -3.20847
  -0.49555,   -0.24472,   -3.20847
  -0.49555,   -0.24472,   -3.20847
  -0.49555,   -0.24472,   -3.20847
  -0.49555,   -0.24472,   -3.20847
  -0.49555,   -0.24472,   -3.20847
  -0.49555,   -0.24472,   -3.20847
  -0.49555,   -0.24472,   -3.20847
  -0.49555,   -0.24472,   -3.20847
  -0.49555,   -0.24472,   -3.20847
  -0.49555,   -0.24472,   -3.20847
  -0.49555,   -0.24472,   -3.20847
  -1.69141,    2.23654,   -0.88138
  -1.69141,    2.23654,   -0.88138
  -1.69141,    2.23654,   -0.88138
  -1.69141,    2.23654,   -0.88138
  -1.69141,    2.23654,   -0.88138
  -1.69141,    2.23654,   -0.88138
  -1.69141,    2.23654,   -0.88138
  -1.69141,    2.23654,   -0.88138
  -1.69141,    2.23654,   -0.88138
  -0.58671,    1.27685,   -0.66868
  -0.58671,    1.27685,   -0.66868
  -0.58671,    1.27685,   -0.66868
  -0.58671,    1.27685,   -0.66868
  -0.58671,    1.27685,   -0.66868
  -0.58671,    1.27685,   -0.66868
  -0.58671,    1.27685,   -0.66868
  -0.58671,    1.27685,   -0.66868
  -0.58671,    1.27685,   -0.66868
  -0.58671,    1.27685,   -0.66868
  -0.58671,    1.27685,   -0.66868
  -0.58671,    1.27685,   -0.66868
  -0.58671,    1.27685,   -0.66868
  -0.58671,    1.27685,   -0.66868
  -0.58671,    1.27685,   -0.66868
  -0.58671,    1.27685,   -0.66868
  -0.58671,    1.27685,   -0.66868
  -0.58671,    1.27685,   -0.66868
  -0.58671,    1.27685,   -0.66868
  -0.58671,    1.27685,   -0.66868
  -0.58671,    1.27685,   -0.66868
  -0.58671,    1.27685,   -0.66868
  -0.58671,    1.27685,   -0.66868
  -0.58671,    1.27685,   -0.66868
  -0.58671,    1.27685,   -0.66868
  -0.58671,    1.27685,   -0.66868
  -0.58671,    1.27685,   -0.66868
  -0.58671,    1.27685,   -0.66868
  -0.58671,    1.27685,   -0.66868
  -0.58671,    1.27685,   -0.66868
  -0.58671,    1.27685,   -0.66868
  -0.58671,    1.27685,   -0.66868
  -0.58671,    1.27685,   -0.66868
  -0.58671,    1.27685,   -0.66868
  -0.58671,    1.27685,   -0.66868
  -1.35519,    1.10022,    0.08019
  -1.35519,    1.10022,    0.08019
  -1.35519,    1.10022,    0.08019
  -1.35519,    1.10022,    0.08019
  -1.35519,    1.10022,    0.08019
  -1.35519,    1.10022,    0.08019
  -1.35519,    1.10022,    0.08019
  -1.35519,    1.10022,    0.08019
  -1.35519,    1.10022,    0.08019
  -1.35519,    1.10022,    0.08019
  -1.35519,    1.10022,    0.08019
  -1.35519,    1.10022,    0.08019
  -1.35519,    1.10022,    0.08019
  -1.35519,    1.10022,    0.08019
  -1.35519,    1.10022,    0.08019
  -1.35519,    1.10022,    0.08019
  -0.45596,    2.29976,   -1.22863
  -0.45596,    2.29976,   -1.22863
  -0.45596,    2.29976,   -1.22863
  -0.45596,    2.29976,   -1.22863
  -0.45596,    2.29976,   -1.22863
  -0.45596,    2.29976,   -1.22863
  -0.45596,    2.29976,   -1.22863
  -0.45596,    2.29976,   -1.22863
  -0.45596,    2.29976,   -1.22863
  -0.45596,    2.29976,   -1.22863
  -0.45596,    2.29976,   -1.22863
  -0.45596,    2.29976,   -1.22863
  -0.45596,    2.29976,   -1.22863
  -0.45596,    2.29976,   -1.22863
  -0.45596,    2.29976,   -1.22863
  -0.45596,    2.29976,   -1.22863
  -0.45596,    2.29976,   -1.22863
  -0.45596,    2.29976,   -1.22863
  -0.45596,    2.29976,   -1.22863
  -0.45596,    2.29976,   -1.22863
  -0.45596,    2.29976,   -1.22863
  -0.45596,    2.29976,   -1.22863
  -0.45596,    2.29976,   -1.22863
  -0.45596,    2.29976,   -1.22863
  -0.45596,    2.29976,   -1.22863
  -0.45596,    2.29976,   -1.22863
  -0.45596,    2.29976,   -1.22863
  -0.45596,    2.29976,   -1.22863
  -0.45596,    2.29976,   -1.22863
  -0.45596,    2.29976,   -1.22863
  -0.45596,    2.29976,   -1.22863
  -0.45596,    2.29976,   -1.22863
  -0.45596,    2.29976,   -1.22863
  -0.45596,    2.29976,   -1.22863
  -0.45596,    2.29976,   -1.22863
  -0.45596,    2.29976,   -1.22863
  -0.45596,    2.29976,   -1.22863
  -0.45596,    2.29976,   -1.22863
  -0.45596,    2.29976,   -1.22863
  -0.45596,    2.29976,   -1.22863
  -0.45596,    2.29976,   -1.22863
  -0.45596,    2.29976,   -1.22863
  -0.45596,    2.29976,   -1.22863
  -0.45596,    2.29976,   -1.22863
  -0.45596,    2.29976,   -1.22863
  -0.45596,    2.29976,   -1.22863
  -0.45596,    2.29976,   -1.22863
  -0.45596,    2.29976,   -1.22863
  -0.45596,    2.29976,   -1.22863
  -0.45596,    2.29976,   -1.22863
  -0.45596,    2.29976,   -1.22863
  -0.45596,    2.29976,   -1.22863
  -0.45596,    2.29976,   -1.22863
  -0.45596,    2.29976,   -1.22863
  -0.45596,    2.29976,   -1.22863
  -0.45596,    2.29976,   -1.22863
  -0.45596,    2.29976,   -1.22863
  -0.45596,    2.29976,   -1.22863
  -0.45596,    2.29976,   -1.22863
  -0.45596,    2.29976,   -1.22863
  -0.45596,    2.29976,   -1.22863
  -0.45596,    2.29976,   -1.22863
  -0.45596,    2.29976,   -1.22863
  -0.45596,    2.29976,   -1.22863
  -0.45596,    2.29976,   -1.22863
  -0.45596,    2.29976,   -1.22863
  -0.45596,    2.29976,   -1.22863
  -0.45596,    2.29976,   -1.22863
  -0.45596,    2.29976,   -1.22863
  -0.45596,    2.29976,   -1.22863
  -0.45596,    2.29976,   -1.22863
   0.01200,    3.19527,    0.21723
   0.01200,    3.19527,    0.21723
   0.01200,    3.19527,    0.21723
   0.01200,    3.19527,    0.21723
   0.01200,    3.19527,    0.21723
   0.01200,    3.19527,    0.21723
   0.01200,    3.19527,    0.21723
   0.01200,    3.19527,    0.21723
   0.01200,    3.19527,    0.21723
   0.01200,    3.19527,    0.21723
   0.01200,    3.19527,    0.21723
   0.01200,    3.19527,    0.21723
   0.01200,    3.19527,    0.21723
   0.01200,    3.19527,    0.21723
   0.01200,    3.19527,    0.21723
   0.01200,    3.19527,    0.21723
  -0.80498,    1.36735,   -1.96590
  -0.80498,    1.36735,   -1.96590
  -0.80498,    1.36735,   -1.96590
  -0.80498,    1.36735,   -1.96590
  -0.80498,    1.36735,   -1.96590
  -0.80498,    1.36735,   -1.96590
  -0.80498,    1.36735,   -1.96590
  -0.80498,    1.36735,   -1.96590
  -0.80498,    1.36735,   -1.96590
  -0.80498,    1.36735,   -1.96590
  -0.80498,    1.36735,   -1.96590
  -0.80498,    1.36735,   -1.96590
  -0.80498,    1.36735,   -1.96590
  -0.80498,    1.36735,   -1.96590
  -0.80498,    1.36735,   -1.96590
  -0.80498,    1.36735,   -1.96590
  -0.80498,    1.36735,   -1.96590
  -0.80498,    1.36735,   -1.96590
  -0.80498,    1.36735,   -1.96590
  -0.80498,    1.36735,   -1.96590
  -0.80498,    1.36735,   -1.96590
  -0.80498,    1.36735,   -1.96590
  -0.80498,    1.36735,   -1.96590
  -0.80498,    1.36735,   -1.96590
  -0.80498,    1.36735,   -1.96590
  -0.80498,    1.36735,   -1.96590
  -0.80498,    1.36735,   -1.96590
  -0.80498,    1.36735,   -1.96590
  -0.80498,    1.36735,   -1.96590
  -0.80498,    1.36735,   -1.96590
  -0.80498,    1.36735,   -1.96590
  -0.80498,    1.36735,   -1.96590
  -0.80498,    1.36735,   -1.96590
  -0.80498,    1.36735,   -1.96590
  -0.80498,    1.36735,   -1.96590
  -0.80498,    1.36735,   -1.96590
  -0.80498,    1.36735,   -1.96590
  -0.80498,    1.36735,   -1.96590
  -0.80498,    1.36735,   -1.96590
  -0.80498,    1.36735,   -1.96590
  -0.80498,    1.36735,   -1.96590
  -0.80498,    1.36735,   -1.96590
  -0.32806,   -0.79727,   -0.71609
  -0.32806,   -0.79727,   -0.71609
  -0.32806,   -0.79727,   -0.71609
  -0.32806,   -0.79727,   -0.71609
  -0.32806,   -0.79727,   -0.71609
  -0.32806,   -0.79727,   -0.71609
  -0.32806,   -0.79727,   -0.71609
  -0.32806,   -0.79727,   -0.71609
  -0.32806,   -0.79727,   -0.71609
  -0.32806,   -0.79727,   -0.71609
  -0.32806,   -0.79727,   -0.71609
  -0.32806,   -0.79727,   -0.71609
  -0.32806,   -0.79727,   -0.71609
  -0.32806,   -0.79727,   -0.71609
  -0.32806,   -0.79727,   -0.71609
  -0.32806,   -0.79727,   -0.71609
  -0.32806,   -0.79727,   -0.71609
  -0.32806,   -0.79727,   -0.71609
  -0.32806,   -0.79727,   -0.71609
  -0.32806,   -0.79727,   -0.71609
  -0.32806,   -0.79727,   -0.71609
  -0.32806,   -0.79727,   -0.71609
  -0.32806,   -0.79727,   -0.71609
  -0.32806,   -0.79727,   -0.71609
  -0.32806,   -0.79727,   -0.71609
  -0.32806,   -0.79727,   -0.71609
  -0.32806,   -0.79727,   -0.71609
  -0.32806,   -0.79727,   -0.71609
  -0.32806,   -0.79727,   -0.71609
  -0.32806,   -0.79727,   -0.71609
   1.36248,   -1.27536,    0.63846
   1.36248,   -1.27536,    0.63846
   1.36248,   -1.27536,    0.63846
   1.36248,   -1.27536,    0.63846
   1.91450,    0.97117,    0.12171
   1.91450,    0.97117,    0.12171
   1.91450,    0.97117,    0.12171
   1.91450,    0.97117,    0.12171
   1.91450,    0.97117,    0.12171
   1.91450,    0.97117,    0.12171
   1.91450,    0.97117,    0.12171
   1.91450,    0.97117,    0.12171
   1.91450,    0.97117,    0.12171
   1.91450,    0.97117,    0.12171
   1.91450,    0.97117,    0.12171
   1.91450,    0.97117,    0.12171
   1.91450,    0.97117,    0.12171
   1.91450,    0.97117,    0.12171
   1.91450,    0.97117,    0.12171
   1.91450,    0.97117,    0.12171
   1.91450,    0.97117,    0.12171
   1.91450,    0.97117,    0.12171
   1.91450,    0.97117,    0.12171
  -0.20073,    1.95261,   -0.67892
  -0.20073,    1.95261,   -0.67892
   1.25288,    1.04638,   -0.04946
   1.25288,    1.04638,   -0.04946
   1.25288,    1.04638,   -0.04946
   1.25288,    1.04638,   -0.04946
   1.25288,    1.04638,   -0.04946
   1.25288,    1.04638,   -0.04946
   1.25288,    1.04638,   -0.04946
   1.25288,    1.04638,   -0.04946
   1.25288,    1.04638,   -0.04946
   1.25288,    1.04638,   -0.04946
   1.25288,    1.04638,   -0.04946
   1.25288,    1.04638,   -0.04946
   1.25288,    1.04638,   -0.04946
   1.25288,    1.04638,   -0.04946
   1.25288,    1.04638,   -0.04946
   1.25288,    1.04638,   -0.04946
   1.25288,    1.04638,   -0.04946
   1.25288,    1.04638,   -0.04946
   1.25288,    1.04638,   -0.04946
   1.25288,    1.04638,   -0.04946
   1.06979,    1.66106,    1.18990
   1.06979,    1.66106,    1.18990
   1.06979,    1.66106,    1.18990
   1.06979,    1.66106,    1.18990
   1.06979,    1.66106,    1.18990
   1.06979,    1.66106,    1.18990
   1.04917,   -0.43371,   -0.20918
   1.04917,   -0.43371,   -0.20918
   1.04917,   -0.43371,   -0.20918
   0.28821,    0.45637,    0.11948
   0.28821,    0.45637,    0.11948
   0.28821,    0.45637,    0.11948
   0.28821,    0.45637,    0.11948
   0.28821,    0.45637,    0.11948
   0.28821,    0.45637,    0.11948
   0.28821,    0.45637,    0.11948
   0.28821,    0.45637,    0.11948
   0.28821,    0.45637,    0.11948
   0.94728,   -0.74461,    0.78950
   0.94728,   -0.74461,    0.78950
   0.94728,   -0.74461,    0.78950
   0.94728,   -0.74461,    0.78950
   0.94728,   -0.74461,    0.78950
   0.94728,   -0.74461,    0.78950
   0.94728,   -0.74461,    0.78950
   0.94728,   -0.74461,    0.78950
   0.94728,   -0.74461,    0.78950
   0.94728,   -0.74461,    0.78950
   0.94728,   -0.74461,    0.78950
   0.94728,   -0.74461,    0.78950
   0.94728,   -0.74461,    0.78950
   0.94728,   -0.74461,    0.78950
   0.94728,   -0.74461,    0.78950
   0.94728,   -0.74461,    0.78950
   0.94728,   -0.74461,    0.78950
   0.94728,   -0.74461,    0.78950
   0.28991,    1.07718,    0.65555
   0.28991,    1.07718,    0.65555
   0.28991,    1.07718,    0.65555
   0.28991,    1.07718,    0.65555
   0.28991,    1.07718,    0.65555
   0.28991,    1.07718,    0.65555
   0.28991,    1.07718,    0.65555
   0.28991,    1.07718,    0.65555
   0.28991,    1.07718,    0.65555
   0.28991,    1.07718,    0.65555
   0.28991,    1.07718,    0.65555
   0.28991,    1.07718,    0.65555
   0.28991,    1.07718,    0.65555
   0.28991,    1.07718,    0.65555
   0.28991,    1.07718,    0.65555
   0.28991,    1.07718,    0.65555
   0.28991,    1.07718,    0.65555
   0.28991,    1.07718,    0.65555
   0.28991,    1.07718,    0.65555
   0.28991,    1.07718,    0.65555
   0.28991,    1.07718,    0.65555
   0.28991,    1.07718,    0.65555
   0.28991,    1.07718,    0.65555
   0.28991,    1.07718,    0.65555
   0.28991,    1.07718,    0.65555
   0.28991,    1.07718,    0.65555
   0.28991,    1.07718,    0.65555
   0.28991,    1.07718,    0.65555
   0.28991,    1.07718,    0.65555
   0.28991,    1.07718,    0.65555
   0.28991,    1.07718,    0.65555
   0.28991,    1.07718,    0.65555
   0.28991,    1.07718,    0.65555
   0.28991,    1.07718,    0.65555
   0.28991,    1.07718,    0.65555
   0.28991,    1.07718,    0.65555
   0.28991,    1.07718,    0.65555
   0.28991,    1.07718,    0.65555
   0.28991,    1.07718,    0.65555
   0.28991,    1.07718,    0.65555
   0.28991,    1.07718,    0.65555
   0.28991,    1.07718,    0.65555
   0.28991,    1.07718,    0.65555
   0.28991,    1.07718,    0.65555
   0.28991,    1.07718,    0.65555
   0.28991,    1.07718,    0.65555
   0.28991,    1.07718,    0.65555
   0.28991,    1.07718,    0.65555
   0.28991,    1.07718,    0.65555
   0.28991,    1.07718,    0.65555
   0.28991,    1.07718,    0.65555
   0.28991,    1.07718,    0.65555
   0.28991,    1.07718,    0.65555
   0.28991,    1.07718,    0.65555
   0.28991,    1.07718,    0.65555
   0.28991,    1.07718,    0.65555
  -0.93896,    1.18583,   -0.13118
  -0.93896,    1.18583,   -0.13118
  -0.93896,    1.18583,   -0.13118
  -0.93896,    1.18583,   -0.13118
  -0.93896,    1.18583,   -0.13118
  -0.93896,    1.18583,   -0.13118
  -0.93896,    1.18583,   -0.13118
  -0.93896,    1.18583,   -0.13118
  -0.93896,    1.18583,   -0.13118
  -0.93896,    1.18583,   -0.13118
  -0.93896,    1.18583,   -0.13118
  -0.93896,    1.18583,   -0.13118
  -0.93896,    1.18583,   -0.13118
  -0.93896,    1.18583,   -0.13118
  -0.93896,    1.18583,   -0.13118
  -0.93896,    1.18583,   -0.13118
  -0.62177,    0.58793,    0.11132
  -0.13934,    0.81637,   -0.16658
  -0.13934,    0.81637,   -0.16658
  -0.13934,    0.81637,   -0.16658
  -0.13934,    0.81637,   -0.16658
  -0.13934,    0.81637,   -0.16658
  -0.13934,    0.81637,   -0.16658
  -0.13934,    0.81637,   -0.16658
  -0.13934,    0.81637,   -0.16658
  -0.13934,    0.81637,   -0.16658
  -0.13934,    0.81637,   -0.16658
  -0.13934,    0.81637,   -0.16658
  -0.13934,    0.81637,   -0.16658
  -0.13934,    0.81637,   -0.16658
  -0.13934,    0.81637,   -0.16658
  -0.13934,    0.81637,   -0.16658
  -0.13934,    0.81637,   -0.16658
  -0.13934,    0.81637,   -0.16658
  -0.13934,    0.81637,   -0.16658
  -0.13934,    0.81637,   -0.16658
  -0.13934,    0.81637,   -0.16658
  -0.13934,    0.81637,   -0.16658
  -0.13934,    0.81637,   -0.16658
  -0.13934,    0.81637,   -0.16658
  -0.13934,    0.81637,   -0.16658
  -0.13934,    0.81637,   -0.16658
  -0.13934,    0.81637,   -0.16658
  -0.13934,    0.81637,   -0.16658
  -0.13934,    0.81637,   -0.16658
  -0.13934,    0.81637,   -0.16658
  -0.13934,    0.81637,   -0.16658
  -0.13934,    0.81637,   -0.16658
  -0.13934,    0.81637,   -0.16658
  -0.13934,    0.81637,   -0.16658
  -0.13934,    0.81637,   -0.16658
  -0.13934,    0.81637,   -0.16658
  -0.13934,    0.81637,   -0.16658
  -0.13934,    0.81637,   -0.16658
  -0.13934,    0.81637,   -0.16658
  -0.13934,    0.81637,   -0.16658
  -0.13934,    0.81637,   -0.16658
  -0.13934,    0.81637,   -0.16658
  -0.13934,    0.81637,   -0.16658
  -0.13934,    0.81637,   -0.16658
  -0.13934,    0.81637,   -0.16658
  -0.13934,    0.81637,   -0.16658
  -0.13934,    0.81637,   -0.16658
  -0.13934,    0.81637,   -0.16658
  -0.13934,    0.81637,   -0.16658
  -0.13934,    0.81637,   -0.16658
  -0.13934,    0.81637,   -0.16658
  -0.13934,    0.81637,   -0.16658
  -0.13934,    0.81637,   -0.16658
  -0.13934,    0.81637,   -0.16658
  -0.13934,    0.81637,   -0.16658
  -0.13934,    0.81637,   -0.16658
  -0.13934,    0.81637,   -0.16658
  -0.13934,    0.81637,   -0.16658
  -0.13934,    0.81637,   -0.16658
  -0.13934,    0.81637,   -0.16658
  -0.13934,    0.81637,   -0.16658
  -0.13934,    0.81637,   -0.16658
  -0.13934,    0.81637,   -0.16658
  -0.13934,    0.81637,   -0.16658
  -0.13934,    0.81637,   -0.16658
  -0.13934,    0.81637,   -0.16658
  -0.13934,    0.81637,   -0.16658
  -0.13934,    0.81637,   -0.16658
  -0.13934,    0.81637,   -0.16658
  -0.13934,    0.81637,   -0.16658
  -0.13934,    0.81637,   -0.16658
  -0.13934,    0.81637,   -0.16658
  -0.13934,    0.81637,   -0.16658
  -0.13934,    0.81637,   -0.16658
  -0.13934,    0.81637,   -0.16658
  -0.13934,    0.81637,   -0.16658
  -0.13934,    0.81637,   -0.16658
  -0.13934,    0.81637,   -0.16658
  -0.13934,    0.81637,   -0.16658
  -0.13934,    0.81637,   -0.16658
  -0.13934,    0.81637,   -0.16658
  -0.13934,    0.81637,   -0.16658
  -0.13934,    0.81637,   -0.16658
  -0.13934,    0.81637,   -0.16658
  -0.13934,    0.81637,   -0.16658
  -0.13934,    0.81637,   -0.16658
  -0.13934,    0.81637,   -0.16658
  -0.13934,    0.81637,   -0.16658
  -0.13934,    0.81637,   -0.16658
  -0.13934,    0.81637,   -0.16658
  -0.13934,    0.81637,   -0.16658
  -0.13934,    0.81637,   -0.16658
  -0.13934,    0.81637,   -0.16658
  -0.13934,    0.81637,   -0.16658
  -0.13934,    0.81637,   -0.16658
  -0.13934,    0.81637,   -0.16658
  -0.13934,    0.81637,   -0.16658
  -0.13934,    0.81637,   -0.16658
  -0.13934,    0.81637,   -0.16658
  -0.13934,    0.81637,   -0.16658
  -0.13934,    0.81637,   -0.16658
  -0.13934,    0.81637,   -0.16658
  -0.13934,    0.81637,   -0.16658
  -0.13934,    0.81637,   -0.16658
  -0.13934,    0.81637,   -0.16658
  -0.13934,    0.81637,   -0.16658
  -0.13934,    0.81637,   -0.16658
  -0.13934,    0.81637,   -0.16658
  -0.13934,    0.81637,   -0.16658
  -0.13934,    0.81637,   -0.16658
  -0.13934,    0.81637,   -0.16658
  -0.13934,    0.81637,   -0.16658
  -0.13934,    0.81637,   -0.16658
  -0.13934,    0.81637,   -0.16658
  -0.13934,    0.81637,   -0.16658
  -0.13934,    0.81637,   -0.16658
  -0.13934,    0.81637,   -0.16658
  -0.13934,    0.81637,   -0.16658
  -0.76304,    1.00985,   -0.04579
  -0.76304,    1.00985,   -0.04579
  -0.76304,    1.00985,   -0.04579
  -0.76304,    1.00985,   -0.04579
  -0.76304,    1.00985,   -0.04579
  -0.76304,    1.00985,   -0.04579
  -0.76304,    1.00985,   -0.04579
  -0.76304,    1.00985,   -0.04579
   1.10827,    1.06039,    1.07124
   1.10827,    1.06039,    1.07124
   1.10827,    1.06039,    1.07124
   1.10827,    1.06039,    1.07124
   1.10827,    1.06039,    1.07124
   1.10827,    1.06039,    1.07124
   1.10827,    1.06039,    1.07124
   1.10827,    1.06039,    1.07124
   1.10827,    1.06039,    1.07124
   1.10827,    1.06039,    1.07124
   1.10827,    1.06039,    1.07124
   1.10827,    1.06039,    1.07124
   1.10827,    1.06039,    1.07124
   1.10827,    1.06039,    1.07124
   1.10827,    1.06039,    1.07124
   1.10827,    1.06039,    1.07124
   1.10827,    1.06039,    1.07124
   1.10827,    1.06039,    1.07124
   1.10827,    1.06039,    1.07124
   1.10827,    1.06039,    1.07124
   1.10827,    1.06039,    1.07124
   1.10827,    1.06039,    1.07124
   1.10827,    1.06039,    1.07124
   1.10827,    1.06039,    1.07124
   1.10827,    1.06039,    1.07124
   1.10827,    1.06039,    1.07124
   1.10827,    1.06039,    1.07124
   1.10827,    1.06039,    1.07124
   1.10827,    1.06039,    1.07124
   1.10827,    1.06039,    1.07124
   1.10827,    1.06039,    1.07124
   1.10827,    1.06039,    1.07124
   1.10827,    1.06039,    1.07124
   1.10827,    1.06039,    1.07124
   1.10827,    1.06039,    1.07124
   1.10827,    1.06039,    1.07124
   1.10827,    1.06039,    1.07124
   1.10827,    1.06039,    1.07124
   1.10827,    1.06039,    1.07124
   1.10827,    1.06039,    1.07124
  -0.38491,   -0.14650,   -0.60523
  -0.38491,   -0.14650,   -0.60523
  -0.38491,   -0.14650,   -0.60523
  -0.38491,   -0.14650,   -0.60523
  -0.38491,   -0.14650,   -0.60523
  -0.38491,   -0.14650,   -0.60523
  -0.38491,   -0.14650,   -0.60523
  -0.38491,   -0.14650,   -0.60523
  -0.38491,   -0.14650,   -0.60523
  -0.38491,   -0.14650,   -0.60523
   1.59988,   -0.04555,   -0.86722
   1.59988,   -0.04555,   -0.86722
   1.59988,   -0.04555,   -0.86722
   1.59988,   -0.04555,   -0.86722
   1.59988,   -0.04555,   -0.86722
   1.59988,   -0.04555,   -0.86722
   1.59988,   -0.04555,   -0.86722
   1.59988,   -0.04555,   -0.86722
   1.59988,   -0.04555,   -0.86722
   1.59988,   -0.04555,   -0.86722
   1.59988,   -0.04555,   -0.86722
   1.59988,   -0.04555,   -0.86722
   1.59988,   -0.04555,   -0.86722
   1.59988,   -0.04555,   -0.86722
   1.59988,   -0.04555,   -0.86722
   1.59988,   -0.04555,   -0.86722
   1.59988,   -0.04555,   -0.86722
   1.59988,   -0.04555,   -0.86722
   1.59988,   -0.04555,   -0.86722
   1.59988,   -0.04555,   -0.86722
   1.59988,   -0.04555,   -0.86722
   1.59988,   -0.04555,   -0.86722
   1.59988,   -0.04555,   -0.86722
   1.59988,   -0.04555,   -0.86722
   1.59988,   -0.04555,   -0.86722
   1.59988,   -0.04555,   -0.86722
   1.59988,   -0.04555,   -0.86722
   1.59988,   -0.04555,   -0.86722
   1.59988,   -0.04555,   -0.86722
   1.59988,   -0.04555,   -0.86722
   1.59988,   -0.04555,   -0.86722
   1.59988,   -0.04555,   -0.86722
   1.59988,   -0.04555,   -0.86722
   1.59988,   -0.04555,   -0.86722
  -0.33722,    0.97288,   -0.66372
  -0.33722,    0.97288,   -0.66372
  -0.33722,    0.97288,   -0.66372
  -0.33722,    0.97288,   -0.66372
  -0.33722,    0.97288,   -0.66372
  -0.33722,    0.97288,   -0.66372
  -0.33722,    0.97288,   -0.66372
  -0.33722,    0.97288,   -0.66372
  -0.33722,    0.97288,   -0.66372
  -0.33722,    0.97288,   -0.66372
  -0.33722,    0.97288,   -0.66372
  -0.33722,    0.97288,   -0.66372
  -0.33722,    0.97288,   -0.66372
  -0.33722,    0.97288,   -0.66372
  -0.33722,    0.97288,   -0.66372
  -0.33722,    0.97288,   -0.66372
  -0.33722,    0.97288,   -0.66372
  -0.33722,    0.97288,   -0.66372
  -0.33722,    0.97288,   -0.66372
  -0.33722,    0.97288,   -0.66372
  -0.33722,    0.97288,   -0.66372
  -0.33722,    0.97288,   -0.66372
  -0.33722,    0.97288,   -0.66372
  -0.33722,    0.97288,   -0.66372
  -0.33722,    0.97288,   -0.66372
  -0.33722,    0.97288,   -0.66372
  -0.33722,    0.97288,   -0.66372
  -0.33722,    0.97288,   -0.66372
  -0.33722,    0.97288,   -0.66372
  -0.33722,    0.97288,   -0.66372
  -0.33722,    0.97288,   -0.66372
  -0.33722,    0.97288,   -0.66372
  -0.33722,    0.97288,   -0.66372
  -0.33722,    0.97288,   -0.66372
  -0.33722,    0.97288,   -0.66372
  -0.33722,    0.97288,   -0.66372
   0.50564,    1.86623,   -1.35412
   0.50564,    1.86623,   -1.35412
   0.50564,    1.86623,   -1.35412
   0.50564,    1.86623,   -1.35412
   0.50564,    1.86623,   -1.35412
   0.24991,   -0.21181,   -1.85728
   0.24991,   -0.21181,   -1.85728
   0.24991,   -0.21181,   -1.85728
   0.24991,   -0.21181,   -1.85728
   0.24991,   -0.21181,   -1.85728
   0.24991,   -0.21181,   -1.85728
   0.24991,   -0.21181,   -1.85728
   0.24991,   -0.21181,   -1.85728
   0.24991,   -0.21181,   -1.85728
   0.24991,   -0.21181,   -1.85728
   0.24991,   -0.21181,   -1.85728
   0.24991,   -0.21181,   -1.85728
   0.24991,   -0.21181,   -1.85728
   0.24991,   -0.21181,   -1.85728
   0.24991,   -0.21181,   -1.85728
   0.24991,   -0.21181,   -1.85728
   0.24991,   -0.21181,   -1.85728
   0.24991,   -0.21181,   -1.85728
   0.24991,   -0.21181,   -1.85728
   0.11994,   -0.49117,    0.61701
   0.11994,   -0.49117,    0.61701
   0.11994,   -0.49117,    0.61701
  -1.60933,   -0.22261,    0.82553
  -1.60933,   -0.22261,    0.82553
  -1.60933,   -0.22261,    0.82553
  -1.60933,   -0.22261,    0.82553
  -1.60933,   -0.22261,    0.82553
  -1.60933,   -0.22261,    0.82553
  -1.60933,   -0.22261,    0.82553
  -1.60933,   -0.22261,    0.82553
  -1.60933,   -0.22261,    0.82553
  -1.60933,   -0.22261,    0.82553
  -1.60933,   -0.22261,    0.82553
  -1.60933,   -0.22261,    0.82553
  -1.60933,   -0.22261,    0.82553
  -1.60933,   -0.22261,    0.82553
  -1.16568,   -0.84596,   -0.24555
  -1.16568,   -0.84596,   -0.24555
  -1.16568,   -0.84596,   -0.24555
  -1.16568,   -0.84596,   -0.24555
  -1.16568,   -0.84596,   -0.24555
  -1.16568,   -0.84596,   -0.24555
  -1.16568,   -0.84596,   -0.24555
  -1.16568,   -0.84596,   -0.24555
  -1.16568,   -0.84596,   -0.24555
  -1.16568,   -0.84596,   -0.24555
  -1.16568,   -0.84596,   -0.24555
  -1.16568,   -0.84596,   -0.24555
  -1.16568,   -0.84596,   -0.24555
  -1.16568,   -0.84596,   -0.24555
  -1.16568,   -0.84596,   -0.24555
  -1.16568,   -0.84596,   -0.24555
  -1.16568,   -0.84596,   -0.24555
  -1.16568,   -0.84596,   -0.24555
  -1.16568,   -0.84596,   -0.24555
  -1.16568,   -0.84596,   -0.24555
  -1.16568,   -0.84596,   -0.24555
  -1.16568,   -0.84596,   -0.24555
  -1.16568,   -0.84596,   -0.24555
  -1.16568,   -0.84596,   -0.24555
  -1.16568,   -0.84596,   -0.24555
  -1.16568,   -0.84596,   -0.24555
  -1.16568,   -0.84596,   -0.24555
  -1.16568,   -0.84596,   -0.24555
  -1.16568,   -0.84596,   -0.24555
  -1.16568,   -0.84596,   -0.24555
  -1.16568,   -0.84596,   -0.24555
  -1.16568,   -0.84596,   -0.24555
  -1.16568,   -0.84596,   -0.24555
  -1.16568,   -0.84596,   -0.24555
  -1.16568,   -0.84596,   -0.24555
  -1.16568,   -0.84596,   -0.24555
  -1.16568,   -0.84596,   -0.24555
  -1.16568,   -0.84596,   -0.24555
  -1.16568,   -0.84596,   -0.24555
  -1.16568,   -0.84596,   -0.24555
  -1.16568,   -0.84596,   -0.24555
  -1.16568,   -0.84596,   -0.24555
  -1.16568,   -0.84596,   -0.24555
  -1.16568,   -0.84596,   -0.24555
  -1.16568,   -0.84596,   -0.24555
  -1.16568,   -0.84596,   -0.24555
  -1.16568,   -0.84596,   -0.24555
  -1.16568,   -0.84596,   -0.24555
  -1.16568,   -0.84596,   -0.24555
  -1.16568,   -0.84596,   -0.24555
  -1.16568,   -0.84596,   -0.24555
  -1.16568,   -0.84596,   -0.24555
  -1.16568,   -0.84596,   -0.24555
  -1.16568,   -0.84596,   -0.24555
  -1.16568,   -0.84596,   -0.24555
  -1.16568,   -0.84596,   -0.24555
  -1.16568,   -0.84596,   -0.24555
  -1.16568,   -0.84596,   -0.24555
  -1.16568,   -0.84596,   -0.24555
  -1.16568,   -0.84596,   -0.24555
  -1.16568,   -0.84596,   -0.24555
  -1.16568,   -0.84596,   -0.24555
  -1.16568,   -0.84596,   -0.24555
  -1.16568,   -0.84596,   -0.24555
  -2.54936,   -0.13666,    0.10770
  -2.54936,   -0.13666,    0.10770
  -2.54936,   -0.13666,    0.10770
  -1.14748,   -0.34668,   -0.40227
  -1.14748,   -0.34668,   -0.40227
  -1.14748,   -0.34668,   -0.40227
  -1.14748,   -0.34668,   -0.40227
  -1.14748,   -0.34668,   -0.40227
  -1.14748,   -0.34668,   -0.40227
  -1.14748,   -0.34668,   -0.40227
  -1.14748,   -0.34668,   -0.40227
  -1.14748,   -0.34668,   -0.40227
  -1.14748,   -0.34668,   -0.40227
  -1.14748,   -0.34668,   -0.40227
  -1.14748,   -0.34668,   -0.40227
  -1.14748,   -0.34668,   -0.40227
  -1.14748,   -0.34668,   -0.40227
  -1.14748,   -0.34668,   -0.40227
  -1.14748,   -0.34668,   -0.40227
  -1.14748,   -0.34668,   -0.40227
  -1.14748,   -0.34668,   -0.40227
  -1.14748,   -0.34668,   -0.40227
  -1.14748,   -0.34668,   -0.40227
  -1.14748,   -0.34668,   -0.40227
  -1.14748,   -0.34668,   -0.40227
  -1.14748,   -0.34668,   -0.40227
  -1.14748,   -0.34668,   -0.40227
  -1.14748,   -0.34668,   -0.40227
  -1.14748,   -0.34668,   -0.40227
  -1.14748,   -0.34668,   -0.40227
  -1.14748,   -0.34668,   -0.40227
   0.98349,   -1.70330,    0.26954
   0.98349,   -1.70330,    0.26954
   0.98349,   -1.70330,    0.26954
   0.98349,   -1.70330,    0.26954
   0.98349,   -1.70330,    0.26954
   1.04709,   -1.79555,    0.94676
   1.04709,   -1.79555,    0.94676
   1.04709,   -1.79555,    0.94676
   1.04709,   -1.79555,    0.94676
   1.04709,   -1.79555,    0.94676
   1.04709,   -1.79555,    0.94676
   1.04709,   -1.79555,    0.94676
   1.04709,   -1.79555,    0.94676
   1.04709,   -1.79555,    0.94676
   1.04709,   -1.79555,    0.94676
   0.55180,   -0.48001,    2.56257
   2.49624,   -0.25748,    1.08487
   2.49624,   -0.25748,    1.08487
   2.49624,   -0.25748,    1.08487
   2.49624,   -0.25748,    1.08487
   2.49624,   -0.25748,    1.08487
   2.49624,   -0.25748,    1.08487
   2.49624,   -0.25748,    1.08487
   1.95536,   -0.02398,    1.24498
   1.95536,   -0.02398,    1.24498
   1.95536,   -0.02398,    1.24498
   1.95536,   -0.02398,    1.24498
   1.95536,   -0.02398,    1.24498
   1.95536,   -0.02398,    1.24498
   1.95536,   -0.02398,    1.24498
   1.95536,   -0.02398,    1.24498
   0.55780,    1.28843,    1.45733
   0.55780,    1.28843,    1.45733
   0.55780,    1.28843,    1.45733
   0.55780,    1.28843,    1.45733
   0.55780,    1.28843,    1.45733
   0.55780,    1.28843,    1.45733
   0.55780,    1.28843,    1.45733
   0.55780,    1.28843,    1.45733
   0.55780,    1.28843,    1.45733
   0.55780,    1.28843,    1.45733
   0.55780,    1.28843,    1.45733
   0.55780,    1.28843,    1.45733
   0.53909,    0.69102,   -0.22749
   0.53909,    0.69102,   -0.22749
   0.53909,    0.69102,   -0.22749
   0.53909,    0.69102,   -0.22749
   0.53909,    0.69102,   -0.22749
   0.53909,    0.69102,   -0.22749
   0.53909,    0.69102,   -0.22749
   0.53909,    0.69102,   -0.22749
   0.53909,    0.69102,   -0.22749
   0.53909,    0.69102,   -0.22749
   0.53909,    0.69102,   -0.22749
   0.53909,    0.69102,   -0.22749
   0.53909,    0.69102,   -0.22749
   1.14556,   -0.13873,    0.93601
   1.14556,   -0.13873,    0.93601
   1.14556,   -0.13873,    0.93601
   1.14556,   -0.13873,    0.93601
   1.14556,   -0.13873,    0.93601
   1.14556,   -0.13873,    0.93601
   1.14556,   -0.13873,    0.93601
   1.14556,   -0.13873,    0.93601
   1.14556,   -0.13873,    0.93601
   1.14556,   -0.13873,    0.93601
   1.14556,   -0.13873,    0.93601
   1.14556,   -0.13873,    0.93601
   1.14556,   -0.13873,    0.93601
   1.14556,   -0.13873,    0.93601
   1.14556,   -0.13873,    0.93601
   1.14556,   -0.13873,    0.93601
   1.14556,   -0.13873,    0.93601
   1.14556,   -0.13873,    0.93601
   1.14556,   -0.13873,    0.93601
   1.14556,   -0.13873,    0.93601
   1.14556,   -0.13873,    0.93601
   1.14556,   -0.13873,    0.93601
   1.14556,   -0.13873,    0.93601
   1.14556,   -0.13873,    0.93601
   1.14556,   -0.13873,    0.93601
   1.14556,   -0.13873,    0.93601
   1.14556,   -0.13873,    0.93601
   1.14556,   -0.13873,    0.93601
   1.14556,   -0.13873,    0.93601
   1.14556,   -0.13873,    0.93601
   1.14556,   -0.13873,    0.93601
   1.14556,   -0.13873,    0.93601
   1.14556,   -0.13873,    0.93601
   1.14556,   -0.13873,    0.93601
   1.14556,   -0.13873,    0.93601
   1.14556,   -0.13873,    0.93601
   1.14556,   -0.13873,    0.93601
   1.14556,   -0.13873,    0.93601
   1.14556,   -0.13873,    0.93601
   1.14556,   -0.13873,    0.93601
   1.14272,    0.03640,   -0.84206
   1.14272,    0.03640,   -0.84206
   1.14272,    0.03640,   -0.84206
   1.14272,    0.03640,   -0.84206
   1.14272,    0.03640,   -0.84206
   1.14272,    0.03640,   -0.84206
   1.14272,    0.03640,   -0.84206
   1.14272,    0.03640,   -0.84206
   1.14272,    0.03640,   -0.84206
   1.14272,    0.03640,   -0.84206
   1.14272,    0.03640,   -0.84206
   1.14272,    0.03640,   -0.84206
   1.14272,    0.03640,   -0.84206
   1.14272,    0.03640,   -0.84206
   1.14272,    0.03640,   -0.84206
   1.14272,    0.03640,   -0.84206
   1.14272,    0.03640,   -0.84206
   1.14272,    0.03640,   -0.84206
   1.14272,    0.03640,   -0.84206
   1.14272,    0.03640,   -0.84206
   1.14272,    0.03640,   -0.84206
   1.14272,    0.03640,   -0.84206
   1.14272,    0.03640,   -0.84206
   1.14272,    0.03640,   -0.84206
   1.14272,    0.03640,   -0.84206
   1.14272,    0.03640,   -0.84206
   1.14272,    0.03640,   -0.84206
   1.14272,    0.03640,   -0.84206
   1.14272,    0.03640,   -0.84206
   1.14272,    0.03640,   -0.84206
   1.14272,    0.03640,   -0.84206
   1.14272,    0.03640,   -0.84206
   1.14272,    0.03640,   -0.84206
  -0.24778,    1.10961,    1.06576
  -0.24778,    1.10961,    1.06576
  -0.24778,    1.10961,    1.06576
  -0.24778,    1.10961,    1.06576
  -0.24778,    1.10961,    1.06576
  -0.24778,    1.10961,    1.06576
  -0.24778,    1.10961,    1.06576
  -0.24778,    1.10961,    1.06576
  -0.24778,    1.10961,    1.06576
  -0.24778,    1.10961,    1.06576
  -0.24778,    1.10961,    1.06576
  -0.24778,    1.10961,    1.06576
  -0.24778,    1.10961,    1.06576
  -0.24778,    1.10961,    1.06576
  -0.24778,    1.10961,    1.06576
  -0.24778,    1.10961,    1.06576
  -0.24778,    1.10961,    1.06576
  -0.24778,    1.10961,    1.06576
  -0.24778,    1.10961,    1.06576
  -0.24778,    1.10961,    1.06576
  -0.24778,    1.10961,    1.06576
  -0.24778,    1.10961,    1.06576
  -0.24778,    1.10961,    1.06576
  -0.24778,    1.10961,    1.06576
  -0.24778,    1.10961,    1.06576
  -0.24778,    1.10961,    1.06576
  -0.24778,    1.10961,    1.06576
  -0.24778,    1.10961,    1.06576
  -0.24778,    1.10961,    1.06576
  -0.24778,    1.10961,    1.06576
  -0.24778,    1.10961,    1.06576
  -0.24778,    1.10961,    1.06576
  -0.24778,    1.10961,    1.06576
  -0.24778,    1.10961,    1.06576
  -0.24778,    1.10961,    1.06576
  -0.24778,    1.10961,    1.06576
  -0.24778,    1.10961,    1.06576
  -0.24778,    1.10961,    1.06576
  -0.24778,    1.10961,    1.06576
  -0.24778,    1.10961,    1.06576
   0.10803,    0.12976,    0.15628
   0.10803,    0.12976,    0.15628
   0.10803,    0.12976,    0.15628
   0.10803,    0.12976,    0.15628
   0.10803,    0.12976,    0.15628
   0.10803,    0.12976,    0.15628
   0.10803,    0.12976,    0.15628
   0.10803,    0.12976,    0.15628
   0.10803,    0.12976,    0.15628
   0.10803,    0.12976,    0.15628
   0.10803,    0.12976,    0.15628
   0.10803,    0.12976,    0.15628
   0.10803,    0.12976,    0.15628
   0.10803,    0.12976,    0.15628
   0.10803,    0.12976,    0.15628
   0.10803,    0.12976,    0.15628
   0.10803,    0.12976,    0.15628
   0.10803,    0.12976,    0.15628
   0.10803,    0.12976,    0.15628
   0.10803,    0.12976,    0.15628
   0.10803,    0.12976,    0.15628
   0.10803,    0.12976,    0.15628
   0.10803,    0.12976,    0.15628
   0.10803,    0.12976,    0.15628
   0.10803,    0.12976,    0.15628
   0.10803,    0.12976,    0.15628
   0.10803,    0.12976,    0.15628
   0.10803,    0.12976,    0.15628
   0.10803,    0.12976,    0.15628
   0.10803,    0.12976,    0.15628
   0.10803,    0.12976,    0.15628
   0.10803,    0.12976,    0.15628
   0.10803,    0.12976,    0.15628
   0.10803,    0.12976,    0.15628
   0.10803,    0.12976,    0.15628
   0.10803,    0.12976,    0.15628
   0.10803,    0.12976,    0.15628
   0.10803,    0.12976,    0.15628
   0.10803,    0.12976,    0.15628
   0.10803,    0.12976,    0.15628
   0.10803,    0.12976,    0.15628
   0.10803,    0.12976,    0.15628
   0.10803,    0.12976,    0.15628
   0.10803,    0.12976,    0.15628
   0.10803,    0.12976,    0.15628
   0.10803,    0.12976,    0.15628
   0.10803,    0.12976,    0.15628
   0.10803,    0.12976,    0.15628
   0.10803,    0.12976,    0.15628
   0.10803,    0.12976,    0.15628
   0.10803,    0.12976,    0.15628
   0.10803,    0.12976,    0.15628
   0.10803,    0.12976,    0.15628
   0.10803,    0.12976,    0.15628
   0.10803,    0.12976,    0.15628
   0.10803,    0.12976,    0.15628
   0.10803,    0.12976,    0.15628
   0.10803,    0.12976,    0.15628
   0.10803,    0.12976,    0.15628
   0.10803,    0.12976,    0.15628
   0.10803,    0.12976,    0.15628
   0.10803,    0.12976,    0.15628
   0.10803,    0.12976,    0.15628
   0.10803,    0.12976,    0.15628
   0.10803,    0.12976,    0.15628
   0.10803,    0.12976,    0.15628
   0.10803,    0.12976,    0.15628
   0.10803,    0.12976,    0.15628
   0.04436,   -0.22032,    0.64084
   0.04436,   -0.22032,    0.64084
   0.04436,   -0.22032,    0.64084
   0.04436,   -0.22032,    0.64084
   0.04436,   -0.22032,    0.64084
   0.04436,   -0.22032,    0.64084
   0.04436,   -0.22032,    0.64084
   0.04436,   -0.22032,    0.64084
   0.04436,   -0.22032,    0.64084
   0.04436,   -0.22032,    0.64084
   0.04436,   -0.22032,    0.64084
   0.04436,   -0.22032,    0.64084
   0.04436,   -0.22032,    0.64084
   0.04436,   -0.22032,    0.64084
   0.04436,   -0.22032,    0.64084
   0.04436,   -0.22032,    0.64084
   0.04436,   -0.22032,    0.64084
   0.04436,   -0.22032,    0.64084
   0.04436,   -0.22032,    0.64084
   0.04436,   -0.22032,    0.64084
   0.04436,   -0.22032,    0.64084
   0.04436,   -0.22032,    0.64084
   0.04436,   -0.22032,    0.64084
   0.04436,   -0.22032,    0.64084
   0.04436,   -0.22032,    0.64084
   0.04436,   -0.22032,    0.64084
   0.04436,   -0.22032,    0.64084
   0.04436,   -0.22032,    0.64084
   0.04436,   -0.22032,    0.64084
   0.04436,   -0.22032,    0.64084
   0.04436,   -0.22032,    0.64084
   0.04436,   -0.22032,    0.64084
   0.04436,   -0.22032,    0.64084
   0.04436,   -0.22032,    0.64084
   0.04436,   -0.22032,    0.64084
   0.04436,   -0.22032,    0.64084
   0.04436,   -0.22032,    0.64084
   0.04436,   -0.22032,    0.64084
   0.04436,   -0.22032,    0.64084
   0.04436,   -0.22032,    0.64084
   0.04436,   -0.22032,    0.64084
   0.04436,   -0.22032,    0.64084
   0.04436,   -0.22032,    0.64084
   0.04436,   -0.22032,    0.64084
   0.04436,   -0.22032,    0.64084
   0.04436,   -0.22032,    0.64084
   0.04436,   -0.22032,    0.64084
   0.04436,   -0.22032,    0.64084
   0.04436,   -0.22032,    0.64084
   0.04436,   -0.22032,    0.64084
   0.04436,   -0.22032,    0.64084
   0.04436,   -0.22032,    0.64084
   0.04436,   -0.22032,    0.64084
   0.04436,   -0.22032,    0.64084
   0.04436,   -0.22032,    0.64084
   0.04436,   -0.22032,    0.64084
   0.04436,   -0.22032,    0.64084
   0.04436,   -0.22032,    0.64084
   0.04436,   -0.22032,    0.64084
   0.04436,   -0.22032,    0.64084
   0.04436,   -0.22032,    0.64084
   0.04436,   -0.22032,    0.64084
   0.04436,   -0.22032,    0.64084
   0.04436,   -0.22032,    0.64084
   0.04436,   -0.22032,    0.64084
   0.04436,   -0.22032,    0.64084
   0.04436,   -0.22032,    0.64084
   0.04436,   -0.22032,    0.64084
   0.04436,   -0.22032,    0.64084
   0.04436,   -0.22032,    0.64084
   0.04436,   -0.22032,    0.64084
   0.04436,   -0.22032,    0.64084
   0.04436,   -0.22032,    0.64084
   0.04436,   -0.22032,    0.64084
   0.04436,   -0.22032,    0.64084
   0.04436,   -0.22032,    0.64084
   0.04436,   -0.22032,    0.64084
   0.04436,   -0.22032,    0.64084
   0.04436,   -0.22032,    0.64084
   0.04436,   -0.22032,    0.64084
   0.04436,   -0.22032,    0.64084
   0.04436,   -0.22032,    0.64084
   0.04436,   -0.22032,    0.64084
   0.04436,   -0.22032,    0.64084
   0.04436,   -0.22032,    0.64084
   0.04436,   -0.22032,    0.64084
   0.04436,   -0.22032,    0.64084
   0.04436,   -0.22032,    0.64084
   0.04436,   -0.22032,    0.64084
   0.04436,   -0.22032,    0.64084
   0.04436,   -0.22032,    0.64084
   0.04436,   -0.22032,    0.64084
   0.04436,   -0.22032,    0.64084
   0.04436,   -0.22032,    0.64084
   0.04436,   -0.22032,    0.64084
   0.04436,   -0.22032,    0.64084
   0.04436,   -0.22032,    0.64084
   0.04436,   -0.22032,    0.64084
   0.04436,   -0.22032,    0.64084
   0.04436,   -0.22032,    0.64084
   0.04436,   -0.22032,    0.64084
   0.04436,   -0.22032,    0.64084
   0.04436,   -0.22032,    0.64084
   0.04436,   -0.22032,    0.64084
   0.04436,   -0.22032,    0.64084
   0.04436,   -0.22032,    0.64084
   0.04436,   -0.22032,    0.64084
   0.04436,   -0.22032,    0.64084
   0.04436,   -0.22032,    0.64084
   0.04436,   -0.22032,    0.64084
   0.04436,   -0.22032,    0.64084
   0.04436,   -0.22032,    0.64084
   0.04436,   -0.22032,    0.64084
   0.04436,   -0.22032,    0.64084
   0.04436,   -0.22032,    0.64084
   0.04436,   -0.22032,    0.64084
   0.04436,   -0.22032,    0.64084
   0.04436,   -0.22032,    0.64084
   0.04436,   -0.22032,    0.64084
   0.04436,   -0.22032,    0.64084
   0.04436,   -0.22032,    0.64084
   0.04436,   -0.22032,    0.64084
   0.04436,   -0.22032,    0.64084
   0.04436,   -0.22032,    0.64084
   0.04436,   -0.22032,    0.64084
   0.04436,   -0.22032,    0.64084
   0.04436,   -0.22032,    0.64084
   0.04436,   -0.22032,    0.64084
   0.04436,   -0.22032,    0.64084
   0.04436,   -0.22032,    0.64084
   0.04436,   -0.22032,    0.64084
   0.04436,   -0.22032,    0.64084
   0.04436,   -0.22032,    0.64084
   0.04436,   -0.22032,    0.64084
   0.04436,   -0.22032,    0.64084
   0.04436,   -0.22032,    0.64084
   0.04436,   -0.22032,    0.64084
   0.04436,   -0.22032,    0.64084
   0.04436,   -0.22032,    0.64084
   0.04436,   -0.22032,    0.64084
   0.04436,   -0.22032,    0.64084
   0.04436,   -0.22032,    0.64084
   0.04436,   -0.22032,    0.64084
   0.04436,   -0.22032,    0.64084
   0.04436,   -0.22032,    0.64084
   0.04436,   -0.22032,    0.64084
   0.04436,   -0.22032,    0.64084
   0.04436,   -0.22032,    0.64084
   0.04436,   -0.22032,    0.64084
   0.04436,   -0.22032,    0.64084
   0.04436,   -0.22032,    0.64084
   0.04436,   -0.22032,    0.64084
   0.04436,   -0.22032,    0.64084
   0.04436,   -0.22032,    0.64084
   0.04436,   -0.22032,    0.64084
   0.04436,   -0.22032,    0.64084
   0.04436,   -0.22032,    0.64084
   0.04436,   -0.22032,    0.64084
   0.00463,    1.26223,   -0.69646
   0.00463,    1.26223,   -0.69646
  -1.00499,    0.15145,    0.66110
  -1.00499,    0.15145,    0.66110
  -1.00499,    0.15145,    0.66110
  -1.00499,    0.15145,    0.66110
  -1.00499,    0.15145,    0.66110
  -1.00499,    0.15145,    0.66110
  -1.00499,    0.15145,    0.66110
   0.00370,    0.43378,   -0.04579
   0.00370,    0.43378,   -0.04579
   0.00370,    0.43378,   -0.04579
   0.00370,    0.43378,   -0.04579
   0.00370,    0.43378,   -0.04579
   0.00370,    0.43378,   -0.04579
   0.00370,    0.43378,   -0.04579
   0.00370,    0.43378,   -0.04579
   0.00370,    0.43378,   -0.04579
   0.00370,    0.43378,   -0.04579
   0.58584,    0.22099,   -0.56105
   0.58584,    0.22099,   -0.56105
   0.58584,    0.22099,   -0.56105
   0.58584,    0.22099,   -0.56105
   0.58584,    0.22099,   -0.56105
   0.58584,    0.22099,   -0.56105
   0.58584,    0.22099,   -0.56105
   0.58584,    0.22099,   -0.56105
   0.58584,    0.22099,   -0.56105
   0.58584,    0.22099,   -0.56105
   0.58584,    0.22099,   -0.56105
   0.58584,    0.22099,   -0.56105
   0.58584,    0.22099,   -0.56105
   0.58584,    0.22099,   -0.56105
   0.58584,    0.22099,   -0.56105
   0.58584,    0.22099,   -0.56105
   0.58584,    0.22099,   -0.56105
   0.58584,    0.22099,   -0.56105
   0.58584,    0.22099,   -0.56105
  -1.25326,   -0.07973,    0.15873
  -1.25326,   -0.07973,    0.15873
  -1.25326,   -0.07973,    0.15873
  -1.25326,   -0.07973,    0.15873
  -1.25326,   -0.07973,    0.15873
  -1.25326,   -0.07973,    0.15873
  -1.25326,   -0.07973,    0.15873
  -1.25326,   -0.07973,    0.15873
  -1.25326,   -0.07973,    0.15873
  -1.25326,   -0.07973,    0.15873
  -1.25326,   -0.07973,    0.15873
  -0.04180,   -1.35892,    0.64878
  -0.04180,   -1.35892,    0.64878
  -0.04180,   -1.35892,    0.64878
  -0.04180,   -1.35892,    0.64878
  -0.04180,   -1.35892,    0.64878
  -0.04180,   -1.35892,    0.64878
  -0.04180,   -1.35892,    0.64878
  -0.04180,   -1.35892,    0.64878
  -0.04180,   -1.35892,    0.64878
  -0.04180,   -1.35892,    0.64878
  -0.04180,   -1.35892,    0.64878
  -0.04180,   -1.35892,    0.64878
  -0.04180,   -1.35892,    0.64878
   1.28806,   -1.79053,    1.41364
   1.28806,   -1.79053,    1.41364
   1.28806,   -1.79053,    1.41364
   1.28806,   -1.79053,    1.41364
   1.28806,   -1.79053,    1.41364
   1.28806,   -1.79053,    1.41364
   1.28806,   -1.79053,    1.41364
   1.28806,   -1.79053,    1.41364
   1.28806,   -1.79053,    1.41364
   1.28806,   -1.79053,    1.41364
   0.15132,   -0.63272,    0.77425
   0.15132,   -0.63272,    0.77425
   0.15132,   -0.63272,    0.77425
   0.15132,   -0.63272,    0.77425
   0.15132,   -0.63272,    0.77425
   0.15132,   -0.63272,    0.77425
   0.15132,   -0.63272,    0.77425
  -0.83453,    0.52168,    1.77787
  -0.83453,    0.52168,    1.77787
  -0.83453,    0.52168,    1.77787
  -0.83453,    0.52168,    1.77787
  -0.83453,    0.52168,    1.77787
  -0.83453,    0.52168,    1.77787
  -0.83453,    0.52168,    1.77787
  -0.83453,    0.52168,    1.77787
  -0.83453,    0.52168,    1.77787
  -0.83453,    0.52168,    1.77787
  -0.83453,    0.52168,    1.77787
  -0.83453,    0.52168,    1.77787
  -0.83453,    0.52168,    1.77787
  -0.83453,    0.52168,    1.77787
  -0.83453,    0.52168,    1.77787
  -0.83453,    0.52168,    1.77787
  -0.83453,    0.52168,    1.77787
  -0.83453,    0.52168,    1.77787
  -0.83453,    0.52168,    1.77787
  -0.83453,    0.52168,    1.77787
  -0.83453,    0.52168,    1.77787
  -0.83453,    0.52168,    1.77787
  -0.83453,    0.52168,    1.77787
  -0.83453,    0.52168,    1.77787
  -0.83453,    0.52168,    1.77787
  -0.83453,    0.52168,    1.77787
  -0.83453,    0.52168,    1.77787
  -0.83453,    0.52168,    1.77787
  -0.83453,    0.52168,    1.77787
  -0.83453,    0.52168,    1.77787
  -0.83453,    0.52168,    1.77787
  -0.83453,    0.52168,    1.77787
  -0.83453,    0.52168,    1.77787
  -0.83453,    0.52168,    1.77787
  -0.83453,    0.52168,    1.77787
   0.39154,   -0.81720,    1.30450
   0.39154,   -0.81720,    1.30450
   0.39154,   -0.81720,    1.30450
   0.39154,   -0.81720,    1.30450
   0.39154,   -0.81720,    1.30450
   0.39154,   -0.81720,    1.30450
   0.39154,   -0.81720,    1.30450
   0.39154,   -0.81720,    1.30450
   0.39154,   -0.81720,    1.30450
   0.39154,   -0.81720,    1.30450
   0.39154,   -0.81720,    1.30450
   0.39154,   -0.81720,    1.30450
   0.39154,   -0.81720,    1.30450
   0.39154,   -0.81720,    1.30450
   0.39154,   -0.81720,    1.30450
   0.39154,   -0.81720,    1.30450
   0.39154,   -0.81720,    1.30450
   0.39154,   -0.81720,    1.30450
   0.39154,   -0.81720,    1.30450
   0.39154,   -0.81720,    1.30450
   0.39154,   -0.81720,    1.30450
   0.39154,   -0.81720,    1.30450
   0.39154,   -0.81720,    1.30450
   0.39154,   -0.81720,    1.30450
   0.39154,   -0.81720,    1.30450
   0.39154,   -0.81720,    1.30450
   0.39154,   -0.81720,    1.30450
   0.39154,   -0.81720,    1.30450
   0.39154,   -0.81720,    1.30450
   0.39154,   -0.81720,    1.30450
   0.39154,   -0.81720,    1.30450
   0.39154,   -0.81720,    1.30450
   0.39154,   -0.81720,    1.30450
   0.39154,   -0.81720,    1.30450
   0.39154,   -0.81720,    1.30450
   0.39154,   -0.81720,    1.30450
   0.39154,   -0.81720,    1.30450
   0.39154,   -0.81720,    1.30450
   0.39154,   -0.81720,    1.30450
   0.39154,   -0.81720,    1.30450
   0.39154,   -0.81720,    1.30450
   0.39154,   -0.81720,    1.30450
   0.39154,   -0.81720,    1.30450
   0.39154,   -0.81720,    1.30450
   0.39154,   -0.81720,    1.30450
   0.39154,   -0.81720,    1.30450
   0.39154,   -0.81720,    1.30450
   0.39154,   -0.81720,    1.30450
   0.39154,   -0.81720,    1.30450
   0.39154,   -0.81720,    1.30450
   0.39154,   -0.81720,    1.30450
   0.39154,   -0.81720,    1.30450
   0.39154,   -0.81720,    1.30450
   0.39154,   -0.81720,    1.30450
   0.39154,   -0.81720,    1.30450
   0.39154,   -0.81720,    1.30450
   0.39154,   -0.81720,    1.30450
   0.39154,   -0.81720,    1.30450
   0.39154,   -0.81720,    1.30450
   0.39154,   -0.81720,    1.30450
   0.39154,   -0.81720,    1.30450
   0.39154,   -0.81720,    1.30450
   0.39154,   -0.81720,    1.30450
   0.39154,   -0.81720,    1.30450
   0.39154,   -0.81720,    1.30450
   0.39154,   -0.81720,    1.30450
   0.39154,   -0.81720,    1.30450
   0.39154,   -0.81720,    1.30450
   0.39154,   -0.81720,    1.30450
   0.39154,   -0.81720,    1.30450
   0.39154,   -0.81720,    1.30450
   0.39154,   -0.81720,    1.30450
   0.39154,   -0.81720,    1.30450
   0.39154,   -0.81720,    1.30450
   0.39154,   -0.81720,    1.30450
   0.39154,   -0.81720,    1.30450
   0.39154,   -0.81720,    1.30450
   0.39154,   -0.81720,    1.30450
   0.39154,   -0.81720,    1.30450
   0.39154,   -0.81720,    1.30450
   0.89627,    0.16320,    0.61701
   0.89627,    0.16320,    0.61701
   0.89627,    0.16320,    0.61701
   0.89627,    0.16320,    0.61701
   0.89627,    0.16320,    0.61701
   0.89627,    0.16320,    0.61701
   0.89627,    0.16320,    0.61701
   0.89627,    0.16320,    0.61701
   0.89627,    0.16320,    0.61701
   0.89627,    0.16320,    0.61701
   0.89627,    0.16320,    0.61701
   0.89627,    0.16320,    0.61701
   0.89627,    0.16320,    0.61701
   0.89627,    0.16320,    0.61701
  -0.31842,   -0.01162,   -0.74810
  -0.31842,   -0.01162,   -0.74810
  -0.31842,   -0.01162,   -0.74810
  -0.31842,   -0.01162,   -0.74810
  -0.31842,   -0.01162,   -0.74810
  -0.31842,   -0.01162,   -0.74810
  -0.31842,   -0.01162,   -0.74810
  -0.31842,   -0.01162,   -0.74810
  -0.31842,   -0.01162,   -0.74810
  -0.31842,   -0.01162,   -0.74810
  -0.31842,   -0.01162,   -0.74810
  -0.31842,   -0.01162,   -0.74810
  -0.31842,   -0.01162,   -0.74810
  -0.31842,   -0.01162,   -0.74810
   0.27303,    0.89175,    0.08556
   0.27303,    0.89175,    0.08556
   0.27303,    0.89175,    0.08556
   0.52634,   -0.84253,    1.22614
   0.52634,   -0.84253,    1.22614
   0.52634,   -0.84253,    1.22614
   0.52634,   -0.84253,    1.22614
   0.52634,   -0.84253,    1.22614
   0.52634,   -0.84253,    1.22614
   0.52634,   -0.84253,    1.22614
   0.52634,   -0.84253,    1.22614
   0.52634,   -0.84253,    1.22614
   0.52634,   -0.84253,    1.22614
   0.52634,   -0.84253,    1.22614
   0.52634,   -0.84253,    1.22614
   0.52634,   -0.84253,    1.22614
   0.52634,   -0.84253,    1.22614
   0.52634,   -0.84253,    1.22614
   0.52634,   -0.84253,    1.22614
   0.52634,   -0.84253,    1.22614
   0.52634,   -0.84253,    1.22614
   0.52634,   -0.84253,    1.22614
   0.52634,   -0.84253,    1.22614
   0.52634,   -0.84253,    1.22614
   0.52634,   -0.84253,    1.22614
   0.52634,   -0.84253,    1.22614
   0.52634,   -0.84253,    1.22614
   0.52634,   -0.84253,    1.22614
   0.52634,   -0.84253,    1.22614
   0.52634,   -0.84253,    1.22614
   0.52634,   -0.84253,    1.22614
   0.52634,   -0.84253,    1.22614
   0.52634,   -0.84253,    1.22614
   0.35760,    0.61715,    0.73768
   0.35760,    0.61715,    0.73768
   0.35760,    0.61715,    0.73768
  -1.94278,    0.36254,    1.12574
  -1.17385,   -0.38647,    1.71184
  -1.17385,   -0.38647,    1.71184
  -1.17385,   -0.38647,    1.71184
  -1.17385,   -0.38647,    1.71184
  -1.17385,   -0.38647,    1.71184
  -1.17385,   -0.38647,    1.71184
  -1.17385,   -0.38647,    1.71184
  -1.17385,   -0.38647,    1.71184
  -1.17385,   -0.38647,    1.71184
  -1.17385,   -0.38647,    1.71184
  -1.17385,   -0.38647,    1.71184
  -1.17385,   -0.38647,    1.71184
  -1.17385,   -0.38647,    1.71184
  -1.17385,   -0.38647,    1.71184
  -1.17385,   -0.38647,    1.71184
  -1.17385,   -0.38647,    1.71184
  -1.17385,   -0.38647,    1.71184
  -1.17385,   -0.38647,    1.71184
  -1.17385,   -0.38647,    1.71184
  -1.17385,   -0.38647,    1.71184
  -1.17385,   -0.38647,    1.71184
  -1.17385,   -0.38647,    1.71184
  -0.50107,    0.21946,   -0.18443
  -0.50107,    0.21946,   -0.18443
  -0.50107,    0.21946,   -0.18443
  -0.50107,    0.21946,   -0.18443
  -0.50107,    0.21946,   -0.18443
  -0.50107,    0.21946,   -0.18443
  -0.50107,    0.21946,   -0.18443
  -0.50107,    0.21946,   -0.18443
  -0.50107,    0.21946,   -0.18443
  -0.50107,    0.21946,   -0.18443
  -0.50107,    0.21946,   -0.18443
  -0.50107,    0.21946,   -0.18443
  -0.50107,    0.21946,   -0.18443
  -0.50107,    0.21946,   -0.18443
  -0.50107,    0.21946,   -0.18443
  -0.50107,    0.21946,   -0.18443
  -0.50107,    0.21946,   -0.18443
  -0.50107,    0.21946,   -0.18443
  -0.50107,    0.21946,   -0.18443
  -0.50107,    0.21946,   -0.18443
  -0.50107,    0.21946,   -0.18443
  -0.50107,    0.21946,   -0.18443
  -0.50107,    0.21946,   -0.18443
  -0.50107,    0.21946,   -0.18443
  -0.50107,    0.21946,   -0.18443
  -0.50107,    0.21946,   -0.18443
  -0.50107,    0.21946,   -0.18443
  -0.50107,    0.21946,   -0.18443
  -0.50107,    0.21946,   -0.18443
  -0.50107,    0.21946,   -0.18443
  -0.50107,    0.21946,   -0.18443
  -0.50107,    0.21946,   -0.18443
  -0.50107,    0.21946,   -0.18443
  -0.50107,    0.21946,   -0.18443
  -0.50107,    0.21946,   -0.18443
  -0.50107,    0.21946,   -0.18443
  -0.50107,    0.21946,   -0.18443
  -0.50107,    0.21946,   -0.18443
  -0.50107,    0.21946,   -0.18443
  -0.50107,    0.21946,   -0.18443
  -0.50107,    0.21946,   -0.18443
  -0.50107,    0.21946,   -0.18443
  -0.50107,    0.21946,   -0.18443
  -0.50107,    0.21946,   -0.18443
  -0.50107,    0.21946,   -0.18443
  -0.50107,    0.21946,   -0.18443
  -0.50107,    0.21946,   -0.18443
   0.04991,    2.43132,    1.25658
   0.04991,    2.43132,    1.25658
   0.04991,    2.43132,    1.25658
   0.04991,    2.43132,    1.25658
   0.04991,    2.43132,    1.25658
   0.04991,    2.43132,    1.25658
   0.04991,    2.43132,    1.25658
   0.04991,    2.43132,    1.25658
   0.04991,    2.43132,    1.25658
   0.04991,    2.43132,    1.25658
   0.04991,    2.43132,    1.25658
  -1.14584,   -0.02324,    1.99807
  -1.08153,    1.70074,   -0.10391
   0.73563,   -0.10200,    0.24212
   0.73563,   -0.10200,    0.24212
   0.73563,   -0.10200,    0.24212
   0.73563,   -0.10200,    0.24212
   0.73563,   -0.10200,    0.24212
   0.73563,   -0.10200,    0.24212
   0.73563,   -0.10200,    0.24212
   0.73563,   -0.10200,    0.24212
   0.73563,   -0.10200,    0.24212
   0.73563,   -0.10200,    0.24212
   0.73563,   -0.10200,    0.24212
  -0.55636,    0.80441,    1.32205
  -0.55636,    0.80441,    1.32205
  -0.55636,    0.80441,    1.32205
  -0.55636,    0.80441,    1.32205
  -0.55636,    0.80441,    1.32205
  -0.55636,    0.80441,    1.32205
  -0.55636,    0.80441,    1.32205
  -0.55636,    0.80441,    1.32205
  -0.55636,    0.80441,    1.32205
  -0.55636,    0.80441,    1.32205
  -0.55636,    0.80441,    1.32205
  -0.55636,    0.80441,    1.32205
  -0.55636,    0.80441,    1.32205
  -0.55636,    0.80441,    1.32205
  -0.55636,    0.80441,    1.32205
  -0.55636,    0.80441,    1.32205
  -0.55636,    0.80441,    1.32205
  -0.55636,    0.80441,    1.32205
  -0.55636,    0.80441,    1.32205
  -0.55636,    0.80441,    1.32205
  -0.55636,    0.80441,    1.32205
  -0.55636,    0.80441,    1.32205
  -0.55636,    0.80441,    1.32205
  -0.55636,    0.80441,    1.32205
  -0.55636,    0.80441,    1.32205
  -0.55636,    0.80441,    1.32205
  -0.55636,    0.80441,    1.32205
  -0.16960,    1.53644,    1.11387
  -0.16960,    1.53644,    1.11387
  -0.16960,    1.53644,    1.11387
  -0.16960,    1.53644,    1.11387
  -0.16960,    1.53644,    1.11387
  -0.16960,    1.53644,    1.11387
  -0.16960,    1.53644,    1.11387
  -0.16960,    1.53644,    1.11387
  -0.16960,    1.53644,    1.11387
  -0.16960,    1.53644,    1.11387
  -0.16960,    1.53644,    1.11387
  -0.16960,    1.53644,    1.11387
  -0.16960,    1.53644,    1.11387
  -0.16960,    1.53644,    1.11387
  -0.16960,    1.53644,    1.11387
  -0.16960,    1.53644,    1.11387
  -0.16960,    1.53644,    1.11387
  -0.16960,    1.53644,    1.11387
  -0.16960,    1.53644,    1.11387
  -0.16960,    1.53644,    1.11387
  -0.16960,    1.53644,    1.11387
  -0.16960,    1.53644,    1.11387
  -0.16960,    1.53644,    1.11387
  -1.09125,   -0.33730,    1.89142
  -1.09125,   -0.33730,    1.89142
  -1.09125,   -0.33730,    1.89142
   0.09288,   -0.33210,    2.25522
   0.09288,   -0.33210,    2.25522
   0.09288,   -0.33210,    2.25522
   0.09288,   -0.33210,    2.25522
   0.09288,   -0.33210,    2.25522
   0.09288,   -0.33210,    2.25522
   0.09288,   -0.33210,    2.25522
   0.09288,   -0.33210,    2.25522
   0.09288,   -0.33210,    2.25522
   0.09288,   -0.33210,    2.25522
   0.09288,   -0.33210,    2.25522
   0.09288,   -0.33210,    2.25522
  -0.64472,   -2.20155,    0.40450
  -0.64472,   -2.20155,    0.40450
  -0.64472,   -2.20155,    0.40450
  -0.64472,   -2.20155,    0.40450
  -0.64472,   -2.20155,    0.40450
  -0.64472,   -2.20155,    0.40450
  -0.64472,   -2.20155,    0.40450
  -0.64472,   -2.20155,    0.40450
  -0.64472,   -2.20155,    0.40450
  -0.64472,   -2.20155,    0.40450
  -0.64472,   -2.20155,    0.40450
  -0.64472,   -2.20155,    0.40450
  -0.64472,   -2.20155,    0.40450
  -0.64472,   -2.20155,    0.40450
  -0.64472,   -2.20155,    0.40450
  -0.64472,   -2.20155,    0.40450
  -0.64472,   -2.20155,    0.40450
  -0.64472,   -2.20155,    0.40450
  -0.64472,   -2.20155,    0.40450
  -0.64472,   -2.20155,    0.40450
  -0.64472,   -2.20155,    0.40450
  -0.64472,   -2.20155,    0.40450
  -0.64472,   -2.20155,    0.40450
  -0.45834,   -1.31593,    1.31786
  -0.45834,   -1.31593,    1.31786
  -0.45834,   -1.31593,    1.31786
  -0.45834,   -1.31593,    1.31786
  -0.45834,   -1.31593,    1.31786
  -0.45834,   -1.31593,    1.31786
  -0.45834,   -1.31593,    1.31786
  -0.45834,   -1.31593,    1.31786
  -0.45834,   -1.31593,    1.31786
  -0.45834,   -1.31593,    1.31786
  -0.45834,   -1.31593,    1.31786
  -0.45834,   -1.31593,    1.31786
  -1.08173,   -0.68216,   -0.45166
  -1.08173,   -0.68216,   -0.45166
  -1.08173,   -0.68216,   -0.45166
  -1.08173,   -0.68216,   -0.45166
  -1.08173,   -0.68216,   -0.45166
  -1.08173,   -0.68216,   -0.45166
  -1.08173,   -0.68216,   -0.45166
  -1.08173,   -0.68216,   -0.45166
  -1.08173,   -0.68216,   -0.45166
  -1.58457,   -1.08751,   -0.37885
  -1.58457,   -1.08751,   -0.37885
  -1.58457,   -1.08751,   -0.37885
  -1.58457,   -1.08751,   -0.37885
  -1.58457,   -1.08751,   -0.37885
  -1.58457,   -1.08751,   -0.37885
  -1.58457,   -1.08751,   -0.37885
  -1.58457,   -1.08751,   -0.37885
  -1.58457,   -1.08751,   -0.37885
  -1.58457,   -1.08751,   -0.37885
  -1.58457,   -1.08751,   -0.37885
  -1.58457,   -1.08751,   -0.37885
  -1.58457,   -1.08751,   -0.37885
  -1.58457,   -1.08751,   -0.37885
  -1.58457,   -1.08751,   -0.37885
  -1.58457,   -1.08751,   -0.37885
  -1.58457,   -1.08751,   -0.37885
  -1.58457,   -1.08751,   -0.37885
  -1.58457,   -1.08751,   -0.37885
  -1.58457,   -1.08751,   -0.37885
   0.25049,   -0.24117,   -0.63842
   0.25049,   -0.24117,   -0.63842
   0.25049,   -0.24117,   -0.63842
   0.25049,   -0.24117,   -0.63842
   1.34398,    0.19000,   -0.67659
   1.34398,    0.19000,   -0.67659
   1.34398,    0.19000,   -0.67659
   1.34398,    0.19000,   -0.67659
   1.34398,    0.19000,   -0.67659
   1.34398,    0.19000,   -0.67659
   1.34398,    0.19000,   -0.67659
   1.34398,    0.19000,   -0.67659
   1.34398,    0.19000,   -0.67659
   1.34398,    0.19000,   -0.67659
   1.34398,    0.19000,   -0.67659
   1.34398,    0.19000,   -0.67659
   1.34398,    0.19000,   -0.67659
   1.34398,    0.19000,   -0.67659
   1.34398,    0.19000,   -0.67659
   1.34398,    0.19000,   -0.67659
   1.34398,    0.19000,   -0.67659
   1.34398,    0.19000,   -0.67659
   1.34398,    0.19000,   -0.67659
   1.34398,    0.19000,   -0.67659
   1.34398,    0.19000,   -0.67659
   1.34398,    0.19000,   -0.67659
   1.34398,    0.19000,   -0.67659
   1.34398,    0.19000,   -0.67659
   1.34398,    0.19000,   -0.67659
   1.34398,    0.19000,   -0.67659
   1.34398,    0.19000,   -0.67659
   1.34398,    0.19000,   -0.67659
   1.34398,    0.19000,   -0.67659
   1.34398,    0.19000,   -0.67659
   1.34398,    0.19000,   -0.67659
   1.34398,    0.19000,   -0.67659
   1.34398,    0.19000,   -0.67659
   1.34398,    0.19000,   -0.67659
   1.34398,    0.19000,   -0.67659
   1.34398,    0.19000,   -0.67659
  -0.49366,    0.42458,   -0.44535
  -0.49366,    0.42458,   -0.44535
  -0.49366,    0.42458,   -0.44535
  -0.49366,    0.42458,   -0.44535
  -0.49366,    0.42458,   -0.44535
  -0.49366,    0.42458,   -0.44535
  -0.49366,    0.42458,   -0.44535
  -0.49366,    0.42458,   -0.44535
  -0.49366,    0.42458,   -0.44535
  -0.49366,    0.42458,   -0.44535
  -1.18623,   -0.28178,   -0.29901
  -1.18623,   -0.28178,   -0.29901
  -1.18623,   -0.28178,   -0.29901
  -1.18623,   -0.28178,   -0.29901
  -1.18623,   -0.28178,   -0.29901
  -1.18623,   -0.28178,   -0.29901
  -1.18623,   -0.28178,   -0.29901
  -1.18623,   -0.28178,   -0.29901
  -1.18623,   -0.28178,   -0.29901
  -1.18623,   -0.28178,   -0.29901
  -1.18623,   -0.28178,   -0.29901
  -1.18623,   -0.28178,   -0.29901
  -1.18623,   -0.28178,   -0.29901
  -1.18623,   -0.28178,   -0.29901
  -1.18623,   -0.28178,   -0.29901
  -1.18623,   -0.28178,   -0.29901
  -1.18623,   -0.28178,   -0.29901
  -1.18623,   -0.28178,   -0.29901
  -1.18623,   -0.28178,   -0.29901
  -1.18623,   -0.28178,   -0.29901
  -1.18623,   -0.28178,   -0.29901
  -1.18623,   -0.28178,   -0.29901
  -1.18623,   -0.28178,   -0.29901
  -1.18623,   -0.28178,   -0.29901
  -1.18623,   -0.28178,   -0.29901
  -1.18623,   -0.28178,   -0.29901
  -1.18623,   -0.28178,   -0.29901
  -1.18623,   -0.28178,   -0.29901
  -1.18623,   -0.28178,   -0.29901
  -1.18623,   -0.28178,   -0.29901
  -1.18623,   -0.28178,   -0.29901
  -1.18623,   -0.28178,   -0.29901
  -1.18623,   -0.28178,   -0.29901
  -1.18623,   -0.28178,   -0.29901
  -1.18623,   -0.28178,   -0.29901
   0.49597,   -0.22209,   -0.16397
   0.49597,   -0.22209,   -0.16397
   0.49597,   -0.22209,   -0.16397
   0.49597,   -0.22209,   -0.16397
   0.49597,   -0.22209,   -0.16397
   0.49597,   -0.22209,   -0.16397
   0.49597,   -0.22209,   -0.16397
   0.49597,   -0.22209,   -0.16397
   0.49597,   -0.22209,   -0.16397
   0.49597,   -0.22209,   -0.16397
   0.49597,   -0.22209,   -0.16397
   0.49597,   -0.22209,   -0.16397
   0.49597,   -0.22209,   -0.16397
   0.49597,   -0.22209,   -0.16397
   0.49597,   -0.22209,   -0.16397
   0.49597,   -0.22209,   -0.16397
   0.49597,   -0.22209,   -0.16397
   0.49597,   -0.22209,   -0.16397
   0.49597,   -0.22209,   -0.16397
   0.49597,   -0.22209,   -0.16397
   0.49597,   -0.22209,   -0.16397
   0.49597,   -0.22209,   -0.16397
   0.49597,   -0.22209,   -0.16397
   0.49597,   -0.22209,   -0.16397
   0.49597,   -0.22209,   -0.16397
   0.49597,   -0.22209,   -0.16397
   0.49597,   -0.22209,   -0.16397
   0.49597,   -0.22209,   -0.16397
   0.49597,   -0.22209,   -0.16397
   0.49597,   -0.22209,   -0.16397
   0.49597,   -0.22209,   -0.16397
   0.49597,   -0.22209,   -0.16397
   0.49597,   -0.22209,   -0.16397
   0.49597,   -0.22209,   -0.16397
   0.49597,   -0.22209,   -0.16397
   0.49597,   -0.22209,   -0.16397
   0.49597,   -0.22209,   -0.16397
   0.49597,   -0.22209,   -0.16397
   0.49597,   -0.22209,   -0.16397
   0.49597,   -0.22209,   -0.16397
   0.49597,   -0.22209,   -0.16397
   0.49597,   -0.22209,   -0.16397
   1.08649,   -0.17455,    0.06478
   0.71798,   -0.46287,    0.90813
   0.71798,   -0.46287,    0.90813
  -1.59419,    0.62304,    1.09860
  -1.59419,    0.62304,    1.09860
  -1.59419,    0.62304,    1.09860
  -1.59419,    0.62304,    1.09860
  -1.59419,    0.62304,    1.09860
  -1.59419,    0.62304,    1.09860
  -1.59419,    0.62304,    1.09860
  -1.59419,    0.62304,    1.09860
   0.50398,   -0.32099,   -0.35611
   0.50398,   -0.32099,   -0.35611
   0.50398,   -0.32099,   -0.35611
   0.50398,   -0.32099,   -0.35611
   0.50398,   -0.32099,   -0.35611
   0.50398,   -0.32099,   -0.35611
   0.50398,   -0.32099,   -0.35611
   0.50398,   -0.32099,   -0.35611
   0.50398,   -0.32099,   -0.35611
   0.50398,   -0.32099,   -0.35611
   0.50398,   -0.32099,   -0.35611
   0.50398,   -0.32099,   -0.35611
   0.50398,   -0.32099,   -0.35611
   0.50398,   -0.32099,   -0.35611
   0.50398,   -0.32099,   -0.35611
  -1.75711,   -1.05983,    1.42675
  -1.75711,   -1.05983,    1.42675
  -1.75711,   -1.05983,    1.42675
  -1.75711,   -1.05983,    1.42675
  -1.75711,   -1.05983,    1.42675
  -1.75711,   -1.05983,    1.42675
  -1.75711,   -1.05983,    1.42675
  -1.75711,   -1.05983,    1.42675
  -1.75711,   -1.05983,    1.42675
  -1.75711,   -1.05983,    1.42675
  -1.75711,   -1.05983,    1.42675
  -1.75711,   -1.05983,    1.42675
  -1.75711,   -1.05983,    1.42675
  -1.75711,   -1.05983,    1.42675
  -1.75711,   -1.05983,    1.42675
  -1.75711,   -1.05983,    1.42675
  -1.75711,   -1.05983,    1.42675
  -1.75711,   -1.05983,    1.42675
  -1.75711,   -1.05983,    1.42675
  -1.75711,   -1.05983,    1.42675
  -0.61930,   -0.41047,    0.72570
  -0.61930,   -0.41047,    0.72570
  -0.61930,   -0.41047,    0.72570
  -0.61930,   -0.41047,    0.72570
  -0.61930,   -0.41047,    0.72570
  -0.61930,   -0.41047,    0.72570
  -0.61930,   -0.41047,    0.72570
  -0.61930,   -0.41047,    0.72570
  -0.61930,   -0.41047,    0.72570
  -0.61930,   -0.41047,    0.72570
  -0.61930,   -0.41047,    0.72570
  -0.61930,   -0.41047,    0.72570
  -0.61930,   -0.41047,    0.72570
  -0.61930,   -0.41047,    0.72570
  -0.61930,   -0.41047,    0.72570
  -0.61930,   -0.41047,    0.72570
  -0.61930,   -0.41047,    0.72570
  -0.61930,   -0.41047,    0.72570
  -0.61930,   -0.41047,    0.72570
  -0.61930,   -0.41047,    0.72570
  -0.61930,   -0.41047,    0.72570
  -0.61930,   -0.41047,    0.72570
  -0.61930,   -0.41047,    0.72570
   1.28775,    0.05777,    1.26501
   1.28775,    0.05777,    1.26501
   1.28775,    0.05777,    1.26501
   1.28775,    0.05777,    1.26501
   1.28775,    0.05777,    1.26501
   1.28775,    0.05777,    1.26501
   1.28775,    0.05777,    1.26501
   1.28775,    0.05777,    1.26501
   1.28775,    0.05777,    1.26501
   1.28775,    0.05777,    1.26501
   1.28775,    0.05777,    1.26501
   1.28775,    0.05777,    1.26501
   1.28775,    0.05777,    1.26501
   1.28775,    0.05777,    1.26501
   1.28775,    0.05777,    1.26501
   1.28775,    0.05777,    1.26501
   1.28775,    0.05777,    1.26501
   1.28775,    0.05777,    1.26501
   1.28775,    0.05777,    1.26501
   1.28775,    0.05777,    1.26501
   1.28775,    0.05777,    1.26501
   1.28775,    0.05777,    1.26501
   1.28775,    0.05777,    1.26501
   1.28775,    0.05777,    1.26501
   1.28775,    0.05777,    1.26501
   1.28775,    0.05777,    1.26501
   1.28775,    0.05777,    1.26501
   1.28775,    0.05777,    1.26501
   1.28775,    0.05777,    1.26501
   1.28775,    0.05777,    1.26501
   1.28775,    0.05777,    1.26501
   1.28775,    0.05777,    1.26501
   1.28775,    0.05777,    1.26501
   1.28775,    0.05777,    1.26501
   1.28775,    0.05777,    1.26501
   1.28775,    0.05777,    1.26501
   1.28775,    0.05777,    1.26501
   1.28775,    0.05777,    1.26501
   1.28775,    0.05777,    1.26501
   1.28775,    0.05777,    1.26501
   1.28775,    0.05777,    1.26501
   1.28775,    0.05777,    1.26501
   1.28775,    0.05777,    1.26501
   1.28775,    0.05777,    1.26501
   1.28775,    0.05777,    1.26501
   1.28775,    0.05777,    1.26501
   1.28775,    0.05777,    1.26501
   1.28775,    0.05777,    1.26501
   1.28775,    0.05777,    1.26501
   1.28775,    0.05777,    1.26501
   1.28775,    0.05777,    1.26501
   1.28775,    0.05777,    1.26501
   1.28775,    0.05777,    1.26501
   1.28775,    0.05777,    1.26501
   1.28775,    0.05777,    1.26501
   1.28775,    0.05777,    1.26501
   1.28775,    0.05777,    1.26501
   1.28775,    0.05777,    1.26501
   1.28775,    0.05777,    1.26501
   1.28775,    0.05777,    1.26501
   1.28775,    0.05777,    1.26501
   1.28775,    0.05777,    1.26501
   1.28775,    0.05777,    1.26501
   1.28775,    0.05777,    1.26501
   1.28775,    0.05777,    1.26501
   1.28775,    0.05777,    1.26501
   1.28775,    0.05777,    1.26501
   1.28775,    0.05777,    1.26501
   1.28775,    0.05777,    1.26501
   1.28775,    0.05777,    1.26501
   1.28775,    0.05777,    1.26501
   1.28775,    0.05777,    1.26501
   1.28775,    0.05777,    1.26501
   1.28775,    0.05777,    1.26501
   1.28775,    0.05777,    1.26501
   1.28775,    0.05777,    1.26501
   1.28775,    0.05777,    1.26501
   1.28775,    0.05777,    1.26501
   1.28775,    0.05777,    1.26501
   1.28775,    0.05777,    1.26501
   1.28775,    0.05777,    1.26501
   1.28775,    0.05777,    1.26501
   1.28775,    0.05777,    1.26501
   1.28775,    0.05777,    1.26501
   1.28775,    0.05777,    1.26501
   1.28775,    0.05777,    1.26501
   1.28775,    0.05777,    1.26501
   1.28775,    0.05777,    1.26501
   1.28775,    0.05777,    1.26501
   1.28775,    0.05777,    1.26501
   1.28775,    0.05777,    1.26501
   1.28775,    0.05777,    1.26501
   1.28775,    0.05777,    1.26501
   1.28775,    0.05777,    1.26501
   1.28775,    0.05777,    1.26501
   1.28775,    0.05777,    1.26501
   1.28775,    0.05777,    1.26501
   1.28775,    0.05777,    1.26501
   1.28775,    0.05777,    1.26501
   1.28775,    0.05777,    1.26501
   1.28775,    0.05777,    1.26501
   1.28775,    0.05777,    1.26501
   1.28775,    0.05777,    1.26501
   1.28775,    0.05777,    1.26501
   1.28775,    0.05777,    1.26501
   1.28775,    0.05777,    1.26501
   1.28775,    0.05777,    1.26501
   1.28775,    0.05777,    1.26501
   1.28775,    0.05777,    1.26501
   1.28775,    0.05777,    1.26501
   1.28775,    0.05777,    1.26501
   1.28775,    0.05777,    1.26501
   1.28775,    0.05777,    1.26501
   1.28775,    0.05777,    1.26501
   1.28775,    0.05777,    1.26501
   1.28775,    0.05777,    1.26501
   1.28775,    0.05777,    1.26501
   1.28775,    0.05777,    1.26501
   1.28775,    0.05777,    1.26501
