   0.01000,   14.27750,   10.14379,    0.34508,   14.58031,    1.98346,    8.33129,    4.29166,   14.21631,   10.46034 
   0.02000,   14.28175,   10.22900,    0.32692,   14.53855,    1.95389,    8.29298,    4.25245,   14.25445,   10.44708 
   0.03000,   14.28691,   10.29739,    0.28754,   14.48471,    1.92282,    8.23599,    4.19190,   14.30884,   10.40939 
   0.04000,   14.29334,   10.34635,    0.24481,   14.42920,    1.89339,    8.16414,    4.11141,   14.36452,   10.36320 
   0.05000,   14.30364,   10.37643,    0.21519,   14.37967,    1.86845,    8.08540,    4.01746,   14.41101,   10.31890 
   0.06000,   14.32072,   10.38660,    0.20723,   14.33835,    1.85351,    8.01148,    3.92272,   14.43908,   10.28271 
   0.07000,   14.34666,   10.37438,    0.22103,   14.30606,    1.85725,    7.95422,    3.84352,   14.44148,   10.25599 
   0.08000,   14.38185,   10.34118,    0.24756,   14.28716,    1.89031,    7.92162,    3.79325,   14.41617,   10.23831 
   0.09000,   14.42437,   10.29480,    0.27265,   14.28550,    1.95164,    7.91482,    3.77361,   14.36942,   10.22815 
   0.10000,   14.46817,   10.24977,    0.28192,   14.29933,    2.02418,    7.93236,    3.77218,   14.32125,   10.22530 
   0.11000,   14.50381,   10.22395,    0.26533,   14.32399,    2.08181,    7.97692,    3.77163,   14.29994,   10.23333 
   0.12000,   14.51774,   10.22385,    0.22029,   14.35572,    2.10431,    8.05064,    3.76528,   14.32115,   10.25414 
   0.13000,   14.49389,   10.23501,    0.15377,   14.39072,    2.08823,    8.14435,    3.76179,   14.37084,   10.27804 
   0.14000,   14.42755,   10.23810,    0.07594,   14.42011,    2.04645,    8.23858,    3.76779,   14.42168,   10.29332 
   0.15000,   14.33182,   10.22499,   -0.00171,   14.43274,    1.99375,    8.31836,    3.78154,   14.45123,   10.29965 
   0.16000,   14.22532,   10.19594,   -0.06705,   14.42305,    1.93884,    8.37679,    3.80007,   14.44431,   10.30737 
   0.17000,   14.12247,   10.15592,   -0.11032,   14.39278,    1.88710,    8.41374,    3.82269,   14.39356,   10.32661 
   0.18000,   14.03509,   10.11413,   -0.12827,   14.34820,    1.84252,    8.43360,    3.85013,   14.30526,   10.35677 
   0.19000,   13.97939,   10.08357,   -0.12367,   14.29520,    1.81036,    8.44188,    3.88200,   14.19869,   10.38540 
   0.20000,   13.96676,   10.07174,   -0.10647,   14.23758,    1.79664,    8.44121,    3.91327,   14.09670,   10.39292 
   0.21000,   13.99655,   10.07349,   -0.09165,   14.17911,    1.80889,    8.43165,    3.93690,   14.01630,   10.36192 
   0.22000,   14.06205,   10.07934,   -0.09347,   14.12674,    1.85234,    8.41700,    3.95372,   13.96565,   10.29386 
   0.23000,   14.15600,   10.08527,   -0.11636,   14.09064,    1.92520,    8.40772,    3.97146,   13.94247,   10.20802 
   0.24000,   14.26771,   10.09294,   -0.15258,   14.07281,    2.01715,    8.40654,    3.99599,   13.94182,   10.12591 
   0.25000,   14.38197,   10.10675,   -0.18974,   14.06119,    2.11134,    8.39809,    4.02967,   13.95817,   10.06283 
   0.26000,   14.48646,   10.12808,   -0.21574,   14.04589,    2.19000,    8.36536,    4.07263,   13.98517,   10.02818 
   0.27000,   14.57250,   10.15507,   -0.22067,   14.03459,    2.23515,    8.30105,    4.12127,   14.01973,   10.02675 
   0.28000,   14.63825,   10.18186,   -0.20005,   14.04852,    2.23540,    8.20962,    4.16826,   14.06522,   10.05518 
   0.29000,   14.68767,   10.20134,   -0.15652,   14.10524,    2.19449,    8.10687,    4.20850,   14.12993,   10.10163 
   0.30000,   14.72562,   10.21164,   -0.10113,   14.20216,    2.12723,    8.01265,    4.24355,   14.21821,   10.15229 
   0.31000,   14.75031,   10.21849,   -0.04895,   14.31698,    2.05340,    7.94853,    4.27884,   14.32424,   10.19726 
   0.32000,   14.75609,   10.23417,   -0.01317,   14.42326,    1.99408,    7.93493,    4.31790,   14.43359,   10.23309 
   0.33000,   14.73959,   10.27104,   -0.00205,   14.50679,    1.96260,    7.97745,    4.35999,   14.52479,   10.25568 
   0.34000,   14.70000,   10.33032,   -0.01628,   14.56640,    1.95853,    8.05610,    4.40125,   14.57656,   10.25859 
   0.35000,   14.63761,   10.40024,   -0.05099,   14.60320,    1.97690,    8.13942,    4.43558,   14.58025,   10.24212 
   0.36000,   14.55411,   10.46407,   -0.09897,   14.61561,    2.01328,    8.20529,    4.45363,   14.54824,   10.22247 
   0.37000,   14.45413,   10.50950,   -0.15105,   14.59944,    2.05812,    8.24594,    4.44669,   14.50379,   10.21881 
   0.38000,   14.34720,   10.53270,   -0.19683,   14.55345,    2.09848,    8.26400,    4.40979,   14.46613,   10.23496 
   0.39000,   14.24475,   10.53719,   -0.22781,   14.48275,    2.12729,    8.26533,    4.34008,   14.44604,   10.25998 
   0.40000,   14.15833,   10.52873,   -0.24029,   14.39893,    2.14560,    8.25461,    4.23830,   14.44789,   10.27926 
   0.41000,   14.09706,   10.51172,   -0.23353,   14.31887,    2.15920,    8.23651,    4.11512,   14.47153,   10.28463 
   0.42000,   14.06701,   10.48705,   -0.20856,   14.26186,    2.17253,    8.21610,    3.99171,   14.51097,   10.27482 
   0.43000,   14.07003,   10.45363,   -0.17027,   14.24488,    2.18462,    8.19803,    3.89773,   14.55509,   10.25297 
   0.44000,   14.10230,   10.41064,   -0.12691,   14.27271,    2.19008,    8.18476,    3.86202,   14.59472,   10.22694 
   0.45000,   14.15233,   10.35568,   -0.08670,   14.33498,    2.18376,    8.17769,    3.89185,   14.62192,   10.20353 
   0.46000,   14.20399,   10.28410,   -0.05392,   14.41196,    2.16506,    8.18124,    3.96063,   14.62214,   10.17819 
   0.47000,   14.24167,   10.19244,   -0.02678,   14.48752,    2.13675,    8.19973,    4.02973,   14.57892,   10.14266 
   0.48000,   14.25541,   10.08896,    0.00064,   14.55394,    2.10178,    8.22982,    4.07792,   14.49186,   10.10033 
   0.49000,   14.24334,    9.99322,    0.03872,   14.60865,    2.06340,    8.26214,    4.10664,   14.38291,   10.06476 
   0.50000,   14.21057,    9.92376,    0.09946,   14.64675,    2.02597,    8.28307,    4.12326,   14.28403,   10.05281 
   0.51000,   14.16728,    9.88583,    0.18311,   14.65958,    1.99497,    8.27772,    4.13464,   14.22107,   10.07964 
   0.52000,   14.12325,    9.87162,    0.27643,   14.64064,    1.97192,    8.23950,    4.14555,   14.20227,   10.14702 
   0.53000,   14.08475,    9.87267,    0.36166,   14.58908,    1.95222,    8.17854,    4.15718,   14.21863,   10.23686 
   0.54000,   14.05504,    9.88806,    0.42141,   14.50934,    1.92775,    8.11609,    4.16903,   14.25494,   10.32164 
   0.55000,   14.03614,    9.91995,    0.44038,   14.40748,    1.89679,    8.06746,    4.17845,   14.29724,   10.38035 
   0.56000,   14.02948,    9.96798,    0.41124,   14.29410,    1.87175,    8.04043,    4.17727,   14.33622,   10.40205 
   0.57000,   14.04097,   10.02716,    0.33879,   14.18472,    1.87326,    8.03758,    4.15679,   14.36629,   10.38660 
   0.58000,   14.08171,   10.09271,    0.24035,   14.09774,    1.91602,    8.05714,    4.11718,   14.38437,   10.34560 
   0.59000,   14.15742,   10.16230,    0.13572,   14.04664,    1.99685,    8.08638,    4.06521,   14.38848,   10.29646 
   0.60000,   14.26121,   10.23254,    0.03869,   14.03243,    2.09810,    8.11416,    4.00637,   14.37818,   10.25411 
   0.61000,   14.37771,   10.29778,   -0.04274,   14.04607,    2.19865,    8.13859,    3.94461,   14.35556,   10.22799 
   0.62000,   14.48550,   10.34708,   -0.09964,   14.07571,    2.27888,    8.15748,    3.88517,   14.32576,   10.22415 
   0.63000,   14.56240,   10.36746,   -0.12064,   14.10949,    2.32328,    8.16284,    3.83449,   14.29463,   10.24241 
   0.64000,   14.59549,   10.35226,   -0.10272,   14.13740,    2.32578,    8.15061,    3.80051,   14.26588,   10.27480 
   0.65000,   14.59000,   10.30739,   -0.05741,   14.15599,    2.29128,    8.12668,    3.79350,   14.24139,   10.30589 
   0.66000,   14.56070,   10.24942,   -0.00276,   14.16752,    2.23030,    8.10281,    3.82113,   14.22427,   10.31570 
   0.67000,   14.51800,   10.20010,    0.04422,   14.17679,    2.15428,    8.08663,    3.88245,   14.21818,   10.28667 
   0.68000,   14.46411,   10.17744,    0.07261,   14.18750,    2.07467,    8.07899,    3.96822,   14.22126,   10.21887 
   0.69000,   14.39913,   10.18689,    0.08170,   14.20483,    2.00449,    8.07608,    4.06742,   14.22684,   10.13240 
   0.70000,   14.32884,   10.21888,    0.07901,   14.23661,    1.95550,    8.07474,    4.16539,   14.23203,   10.05177 
   0.71000,   14.26364,   10.25863,    0.07344,   14.28993,    1.93139,    8.07594,    4.24116,   14.24268,    9.99735 
   0.72000,   14.21425,   10.29566,    0.07306,   14.36535,    1.92606,    8.08105,    4.27332,   14.26972,    9.98427 
   0.73000,   14.18854,   10.32497,    0.08370,   14.45649,    1.92950,    8.08991,    4.25831,   14.31557,   10.01440 
   0.74000,   14.18888,   10.34572,    0.10553,   14.54981,    1.93564,    8.10132,    4.21277,   14.37072,   10.07252 
   0.75000,   14.21138,   10.35970,    0.13250,   14.62550,    1.94422,    8.11441,    4.15467,   14.41826,   10.13776 
   0.76000,   14.24909,   10.36769,    0.15286,   14.66403,    1.95656,    8.13043,    4.09254,   14.44049,   10.19443 
   0.77000,   14.29375,   10.36713,    0.15436,   14.65279,    1.97303,    8.15312,    4.02998,   14.42723,   10.23887 
   0.78000,   14.33862,   10.35410,    0.13049,   14.59126,    1.99326,    8.18511,    3.97313,   14.38197,   10.27656 
   0.79000,   14.37961,   10.32951,    0.08387,   14.49559,    2.02054,    8.22058,    3.92976,   14.31944,   10.31326 
   0.80000,   14.41429,   10.30064,    0.02436,   14.39083,    2.06063,    8.24561,    3.90606,   14.25657,   10.34807 
   0.81000,   14.44191,   10.27609,   -0.03562,   14.30241,    2.11513,    8.24788,    3.90600,   14.20790,   10.37510 
   0.82000,   14.46032,   10.26214,   -0.08423,   14.24531,    2.17752,    8.22685,    3.93073,   14.18269,   10.38876 
   0.83000,   14.46567,   10.26244,   -0.11317,   14.21834,    2.23621,    8.19399,    3.97768,   14.18611,   10.38559 
   0.84000,   14.45447,   10.27685,   -0.12129,   14.21281,    2.27921,    8.16435,    4.04038,   14.21912,   10.36559 
   0.85000,   14.42506,   10.30213,   -0.11267,   14.22174,    2.29599,    8.14803,    4.10925,   14.27690,   10.33046 
   0.86000,   14.37807,   10.33283,   -0.09407,   14.24043,    2.28035,    8.14508,    4.17257,   14.34983,   10.28039 
   0.87000,   14.31965,   10.36163,   -0.07587,   14.26140,    2.23248,    8.14595,    4.21930,   14.42508,   10.21776 
   0.88000,   14.26005,   10.38030,   -0.07004,   14.27490,    2.15913,    8.13786,    4.24337,   14.48699,   10.15528 
   0.89000,   14.21096,   10.37919,   -0.08452,   14.27546,    2.07389,    8.11184,    4.24185,   14.52002,   10.11552 
   0.90000,   14.18058,   10.34507,   -0.11773,   14.26742,    1.99602,    8.07119,    4.21311,   14.51587,   10.11552 
   0.91000,   14.16994,   10.26935,   -0.16176,   14.26189,    1.94329,    8.03043,    4.15961,   14.48044,   10.15174 
   0.92000,   14.17179,   10.15743,   -0.20763,   14.26873,    1.92273,    8.00634,    4.08731,   14.42779,   10.20696 
   0.93000,   14.17680,   10.02551,   -0.24851,   14.29412,    1.92543,    8.01021,    4.00420,   14.37140,   10.26463 
   0.94000,   14.17873,    9.89163,   -0.27914,   14.34034,    1.93420,    8.04114,    3.92325,   14.32060,   10.31209 
   0.95000,   14.17873,    9.77279,   -0.29512,   14.40519,    1.93650,    8.09175,    3.86534,   14.28918,   10.33927 
   0.96000,   14.18623,    9.69131,   -0.28968,   14.48068,    1.93202,    8.15589,    3.85178,   14.29555,   10.34110 
   0.97000,   14.21134,    9.67181,   -0.25313,   14.55282,    1.93174,    8.23212,    3.88796,   14.34304,   10.31862 
   0.98000,   14.25591,    9.72153,   -0.18299,   14.60453,    1.95288,    8.31963,    3.95982,   14.41087,   10.27791 
   0.99000,   14.31274,    9.82406,   -0.09186,   14.62403,    2.00677,    8.41074,    4.04659,   14.46783,   10.23270 
   1.00000,   14.37110,    9.95631,    0.00190,   14.60692,    2.08889,    8.48713,    4.13127,   14.48710,   10.20357 
   1.01000,   14.42260,   10.09622,    0.08269,   14.55028,    2.18174,    8.52401,    4.20717,   14.46353,   10.19970 
   1.02000,   14.46555,   10.22050,    0.13994,   14.45569,    2.26423,    8.50717,    4.27267,   14.41285,   10.21042 
   1.03000,   14.49725,   10.30397,    0.16862,   14.33518,    2.31914,    8.44139,    4.32291,   14.35206,   10.22066 
   1.04000,   14.51271,   10.33290,    0.17577,   14.20898,    2.33171,    8.34366,    4.35013,   14.29289,   10.22199 
   1.05000,   14.50820,   10.31018,    0.17354,   14.09554,    2.29038,    8.23676,    4.34908,   14.24469,   10.21281 
   1.06000,   14.48764,   10.25231,    0.16971,   14.00998,    2.18823,    8.14324,    4.32074,   14.21580,   10.19752 
   1.07000,   14.45993,   10.17950,    0.16663,   13.96061,    2.03712,    8.07741,    4.26925,   14.21245,   10.18415 
   1.08000,   14.43399,   10.11144,    0.16134,   13.94664,    1.87210,    8.04493,    4.19917,   14.23473,   10.17913 
   1.09000,   14.41634,   10.07134,    0.14581,   13.96410,    1.74020,    8.05304,    4.11544,   14.27505,   10.18224 
   1.10000,   14.40537,   10.07944,    0.10812,   14.01021,    1.67079,    8.10047,    4.02660,   14.32224,   10.18881 
   1.11000,   14.38882,   10.13961,    0.04357,   14.07912,    1.65239,    8.16370,    3.94864,   14.36410,   10.19575 
   1.12000,   14.35238,   10.23687,   -0.03769,   14.15832,    1.65626,    8.21012,    3.90049,   14.38715,   10.20409 
   1.13000,   14.29027,   10.34781,   -0.11892,   14.23174,    1.66413,    8.22022,    3.89318,   14.38343,   10.21644 
   1.14000,   14.21052,   10.45040,   -0.18872,   14.28437,    1.67861,    8.19591,    3.92287,   14.35875,   10.23199 
   1.15000,   14.12932,   10.52827,   -0.23849,   14.30774,    1.71402,    8.15294,    3.97982,   14.32597,   10.24560 
   1.16000,   14.06129,   10.57171,   -0.25835,   14.30686,    1.77752,    8.10818,    4.05574,   14.29305,   10.25253 
   1.17000,   14.01535,   10.57949,   -0.24241,   14.29845,    1.86313,    8.07427,    4.14157,   14.26205,   10.25268 
   1.18000,   13.99447,   10.55810,   -0.19498,   14.30075,    1.95921,    8.05868,    4.22376,   14.23338,   10.25318 
   1.19000,   13.99749,   10.51828,   -0.12820,   14.32236,    2.05684,    8.06319,    4.28934,   14.20802,   10.26179 
   1.20000,   14.01866,   10.46842,   -0.05654,   14.35870,    2.15236,    8.08330,    4.33288,   14.18669,   10.27919 
   1.21000,   14.04950,   10.41102,    0.00843,   14.39815,    2.24351,    8.11147,    4.35610,   14.16671,   10.29690 
   1.22000,   14.07926,   10.34819,    0.05785,   14.42955,    2.32503,    8.14088,    4.36111,   14.14428,   10.30474 
   1.23000,   14.09701,   10.28432,    0.08783,   14.44378,    2.39004,    8.16684,    4.34814,   14.11960,   10.29844 
   1.24000,   14.09765,   10.22434,    0.10175,   14.43553,    2.43112,    8.18678,    4.31774,   14.09847,   10.28123 
   1.25000,   14.08556,   10.17372,    0.10847,   14.40623,    2.44119,    8.19829,    4.27410,   14.08857,   10.25910 
   1.26000,   14.07324,   10.13748,    0.11673,   14.36391,    2.41668,    8.19905,    4.22361,   14.09606,   10.23765 
   1.27000,   14.07791,   10.11739,    0.13027,   14.31843,    2.36053,    8.18830,    4.17007,   14.12375,   10.22005 
   1.28000,   14.11511,   10.11125,    0.14811,   14.27758,    2.28537,    8.17092,    4.11228,   14.16904,   10.20739 
   1.29000,   14.19043,   10.11311,    0.16614,   14.24814,    2.20910,    8.15618,    4.04865,   14.22512,   10.19998 
   1.30000,   14.29363,   10.11763,    0.17837,   14.24109,    2.14479,    8.15187,    3.98191,   14.28409,   10.19675 
   1.31000,   14.40035,   10.12482,    0.17859,   14.26612,    2.09443,    8.15963,    3.92295,   14.33627,   10.19328 
   1.32000,   14.48399,   10.14008,    0.16166,   14.32362,    2.05001,    8.17596,    3.89027,   14.36891,   10.18395 
   1.33000,   14.52760,   10.16871,    0.12580,   14.40095,    2.00076,    8.19767,    3.90151,   14.37251,   10.16661 
   1.34000,   14.53140,   10.20694,    0.07293,   14.47824,    1.93925,    8.22518,    3.95645,   14.35254,   10.14922 
   1.35000,   14.50941,   10.24268,    0.00854,   14.53758,    1.86497,    8.26285,    4.03607,   14.33019,   10.14705 
   1.36000,   14.47696,   10.26492,   -0.05714,   14.56588,    1.78698,    8.31162,    4.11946,   14.32348,   10.16932 
   1.37000,   14.44428,   10.26539,   -0.10947,   14.55617,    1.72241,    8.36326,    4.19318,   14.33377,   10.21146 
   1.38000,   14.41627,   10.23658,   -0.13520,   14.50989,    1.69035,    8.40529,    4.25135,   14.35120,   10.26008 
   1.39000,   14.39411,   10.17590,   -0.12756,   14.44271,    1.70592,    8.42400,    4.29029,   14.36512,   10.29848 
   1.40000,   14.37729,   10.09282,   -0.09228,   14.38017,    1.77283,    8.41625,    4.30641,   14.37147,   10.31110 
   1.41000,   14.36205,   10.00287,   -0.04624,   14.33989,    1.88088,    8.38785,    4.29763,   14.37200,   10.28820 
   1.42000,   14.34013,    9.92202,   -0.00619,   14.32386,    2.00384,    8.34256,    4.26825,   14.37190,   10.23080 
   1.43000,   14.30441,    9.86716,    0.02569,   14.32465,    2.10588,    8.28224,    4.22906,   14.37822,   10.15060 
   1.44000,   14.25373,    9.85071,    0.06268,   14.33368,    2.16344,    8.21544,    4.19413,   14.39958,   10.06256 
   1.45000,   14.19118,    9.86760,    0.11057,   14.34384,    2.17800,    8.15829,    4.17529,   14.44136,    9.98232 
   1.46000,   14.12446,    9.89683,    0.15515,   14.35057,    2.16236,    8.12437,    4.17799,   14.49755,    9.93181 
   1.47000,   14.06343,    9.92282,    0.18235,   14.35205,    2.12952,    8.11873,    4.19456,   14.54425,    9.94032 
   1.48000,   14.01666,    9.94489,    0.18966,   14.34948,    2.08980,    8.13820,    4.21262,   14.56042,   10.02103 
   1.49000,   13.99191,    9.96978,    0.18141,   14.34440,    2.05562,    8.17247,    4.22565,   14.55205,   10.14793 
   1.50000,   13.99334,   10.00116,    0.16376,   14.33293,    2.03966,    8.20280,    4.23111,   14.52902,   10.28061 
   1.51000,   14.01927,   10.03803,    0.14244,   14.30418,    2.04963,    8.20585,    4.23106,   14.49042,   10.38654 
   1.52000,   14.06277,   10.07864,    0.12292,   14.25149,    2.08150,    8.16984,    4.23091,   14.43223,   10.43880 
   1.53000,   14.11484,   10.12349,    0.10785,   14.18228,    2.11829,    8.10242,    4.23535,   14.35891,   10.42134 
   1.54000,   14.16630,   10.17682,    0.09374,   14.11406,    2.13841,    8.01795,    4.23839,   14.27846,   10.34231 
   1.55000,   14.21233,   10.24336,    0.07286,   14.06812,    2.12569,    7.93058,    4.22803,   14.20499,   10.24069 
   1.56000,   14.25273,   10.32187,    0.04081,   14.06292,    2.07865,    7.85849,    4.19748,   14.16790,   10.17313 
   1.57000,   14.28933,   10.40080,    0.00188,   14.10726,    2.00904,    7.82046,    4.14931,   14.18192,   10.16438 
   1.58000,   14.32260,   10.45914,   -0.03527,   14.19057,    1.93384,    7.82436,    4.09220,   14.22114,   10.18870 
   1.59000,   14.35347,   10.47839,   -0.06530,   14.28581,    1.87288,    7.86260,    4.03331,   14.26242,   10.22335 
   1.60000,   14.38520,   10.45359,   -0.08646,   14.36676,    1.84797,    7.91550,    3.97788,   14.29620,   10.26135 
   1.61000,   14.41995,   10.39326,   -0.09962,   14.42317,    1.87402,    7.96158,    3.92971,   14.31581,   10.30160 
   1.62000,   14.45358,   10.31280,   -0.10712,   14.45842,    1.94761,    7.99343,    3.89043,   14.31295,   10.34384 
   1.63000,   14.47580,   10.23063,   -0.10994,   14.48079,    2.04802,    8.01805,    3.86126,   14.28128,   10.38603 
   1.64000,   14.47425,   10.16721,   -0.10550,   14.49522,    2.15092,    8.04221,    3.84454,   14.22509,   10.42301 
   1.65000,   14.44096,   10.14088,   -0.08829,   14.50199,    2.23858,    8.06672,    3.84486,   14.16095,   10.44948 
   1.66000,   14.37954,   10.15583,   -0.05746,   14.49938,    2.30092,    8.09167,    3.86559,   14.10923,   10.46002 
   1.67000,   14.30528,   10.19999,   -0.02043,   14.48531,    2.33492,    8.11906,    3.90443,   14.08511,   10.45061 
   1.68000,   14.23888,   10.25959,    0.01247,   14.45937,    2.34487,    8.15271,    3.95486,   14.09368,   10.42047 
   1.69000,   14.20015,   10.32813,    0.03234,   14.42374,    2.34006,    8.19734,    4.01149,   14.12995,   10.37335 
   1.70000,   14.20139,   10.40606,    0.03241,   14.38215,    2.32810,    8.25448,    4.07176,   14.18346,   10.31420 
   1.71000,   14.24056,   10.49073,    0.01081,   14.33988,    2.31000,    8.31720,    4.13230,   14.24308,   10.24734 
   1.72000,   14.30373,   10.57133,   -0.02570,   14.30126,    2.28414,    8.37241,    4.18800,   14.29887,   10.17774 
   1.73000,   14.36808,   10.62701,   -0.06188,   14.26655,    2.25157,    8.40848,    4.23130,   14.34169,   10.11088 
   1.74000,   14.40208,   10.62726,   -0.07642,   14.23439,    2.21602,    8.41981,    4.25378,   14.36336,   10.05231 
   1.75000,   14.37982,   10.55166,   -0.05686,   14.20774,    2.18040,    8.40598,    4.25032,   14.36195,   10.00715 
   1.76000,   14.31077,   10.41867,   -0.01232,   14.19435,    2.14653,    8.37036,    4.22365,   14.35100,    9.98074 
   1.77000,   14.22441,   10.26920,    0.04044,   14.20130,    2.11482,    8.31854,    4.17959,   14.35787,    9.98250 
   1.78000,   14.14277,   10.13648,    0.09072,   14.22772,    2.08156,    8.25943,    4.12023,   14.40157,   10.01804 
   1.79000,   14.07965,   10.03759,    0.13508,   14.26214,    2.03640,    8.20620,    4.04658,   14.47314,   10.08117 
   1.80000,   14.04301,    9.97686,    0.17241,   14.28707,    1.96998,    8.17113,    3.96582,   14.54839,   10.15941 
   1.81000,   14.03693,    9.94631,    0.19794,   14.29156,    1.88530,    8.15614,    3.89483,   14.60783,   10.23995 
   1.82000,   14.06252,    9.93336,    0.20680,   14.27766,    1.79844,    8.15037,    3.85501,   14.64000,   10.31092 
   1.83000,   14.11628,    9.92767,    0.19916,   14.25083,    1.73016,    8.14091,    3.85988,   14.64241,   10.36413 
   1.84000,   14.19095,    9.92183,    0.17969,   14.21329,    1.69909,    8.12012,    3.90585,   14.62117,   10.40019 
   1.85000,   14.27585,    9.91258,    0.14988,   14.17082,    1.72164,    8.08882,    3.97711,   14.58522,   10.42713 
   1.86000,   14.35224,    9.90041,    0.10620,   14.13663,    1.80568,    8.05234,    4.05542,   14.54289,   10.45200 
   1.87000,   14.40016,    9.88806,    0.04564,   14.12223,    1.93735,    8.01946,    4.12732,   14.50194,   10.47663 
   1.88000,   14.41479,    9.88178,   -0.02440,   14.13667,    2.07877,    8.00450,    4.18882,   14.46775,   10.49807 
   1.89000,   14.40773,    9.89298,   -0.08763,   14.19130,    2.18988,    8.02335,    4.24197,   14.44430,   10.50985 
   1.90000,   14.38955,    9.93443,   -0.13014,   14.28552,    2.25624,    8.08098,    4.29216,   14.43326,   10.50396 
   1.91000,   14.36108,   10.01155,   -0.14755,   14.39264,    2.28962,    8.16189,    4.34285,   14.43313,   10.47277 
   1.92000,   14.31889,   10.11607,   -0.14296,   14.47650,    2.30352,    8.24110,    4.39488,   14.44085,   10.41092 
   1.93000,   14.26587,   10.22742,   -0.11819,   14.51346,    2.30470,    8.29641,    4.44671,   14.45096,   10.31922 
   1.94000,   14.20905,   10.31544,   -0.07050,   14.50497,    2.29635,    8.31698,    4.49307,   14.45316,   10.20807 
   1.95000,   14.15299,   10.35557,   -0.00286,   14.46993,    2.27796,    8.30595,    4.52538,   14.43365,   10.09731 
   1.96000,   14.10133,   10.34578,    0.06450,   14.42722,    2.24727,    8.27194,    4.53497,   14.38497,   10.00654 
   1.97000,   14.06105,   10.30345,    0.10932,   14.38797,    2.20430,    8.22251,    4.51433,   14.31274,    9.94479 
   1.98000,   14.04146,   10.25391,    0.12282,   14.35717,    2.15175,    8.16577,    4.45907,   14.23118,    9.91302 
   1.99000,   14.04931,   10.22025,    0.10877,   14.33702,    2.09392,    8.11212,    4.37338,   14.15346,    9.91172 
   2.00000,   14.08641,   10.21620,    0.07957,   14.32688,    2.03784,    8.07198,    4.27873,   14.08998,    9.94940 
   2.01000,   14.14796,   10.24294,    0.04831,   14.32083,    1.99368,    8.05381,    4.21275,   14.04610,   10.04627 
   2.02000,   14.22198,   10.28995,    0.02599,   14.31028,    1.97031,    8.06240,    4.20174,   14.01986,   10.20753 
   2.03000,   14.29237,   10.34072,    0.01942,   14.28990,    1.96931,    8.09412,    4.23149,   14.00974,   10.39438 
   2.04000,   14.34054,   10.37973,    0.03309,   14.26113,    1.98627,    8.13603,    4.26699,   14.00804,   10.55939 
   2.05000,   14.35510,   10.40136,    0.06763,   14.23068,    2.01781,    8.17332,    4.27502,   14.00699,   10.67432 
   2.06000,   14.33665,   10.40738,    0.11536,   14.20947,    2.06416,    8.19550,    4.24761,   14.00858,   10.73141 
   2.07000,   14.29506,   10.39765,    0.16226,   14.20914,    2.12599,    8.19951,    4.20118,   14.02346,   10.73658 
   2.08000,   14.24635,   10.36507,    0.19478,   14.23381,    2.19834,    8.18907,    4.15288,   14.06131,   10.70022 
   2.09000,   14.20753,   10.30316,    0.20415,   14.27438,    2.26829,    8.17349,    4.11030,   14.12434,   10.63571 
   2.10000,   14.18954,   10.21678,    0.18872,   14.31544,    2.32046,    8.16558,    4.07506,   14.20935,   10.55543 
   2.11000,   14.19559,   10.11912,    0.15381,   14.34448,    2.34250,    8.17726,    4.04889,   14.31006,   10.46675 
   2.12000,   14.22592,   10.02311,    0.10924,   14.35758,    2.33471,    8.20934,    4.03382,   14.41501,   10.37133 
   2.13000,   14.27866,    9.94072,    0.06494,   14.35820,    2.31026,    8.24820,    4.02966,   14.50130,   10.26571 
   2.14000,   14.34775,    9.88938,    0.03096,   14.35230,    2.28079,    8.27628,    4.03671,   14.53822,   10.14681 
   2.15000,   14.42308,    9.88978,    0.01714,   14.34782,    2.24968,    8.28005,    4.04647,   14.50431,   10.03026 
   2.16000,   14.49025,    9.95076,    0.02108,   14.35001,    2.21256,    8.25197,    4.04157,   14.40674,    9.94327 
   2.17000,   14.53230,   10.05942,    0.02656,   14.35721,    2.16445,    8.19315,    4.01061,   14.27774,    9.89715 
   2.18000,   14.53809,   10.18467,    0.01949,   14.36149,    2.10713,    8.11546,    3.95448,   14.15831,    9.88814 
   2.19000,   14.50980,   10.29380,   -0.00301,   14.35487,    2.04579,    8.03588,    3.88344,   14.07347,    9.91123 
   2.20000,   14.46119,   10.36733,   -0.03879,   14.33330,    1.98279,    7.97157,    3.81078,   14.02817,    9.95684 
   2.21000,   14.40548,   10.40507,   -0.08475,   14.29682,    1.92197,    7.93983,    3.74973,   14.01826,   10.01022 
   2.22000,   14.34837,   10.41808,   -0.13616,   14.24965,    1.87360,    7.95191,    3.71417,   14.04365,   10.05886 
   2.23000,   14.29286,   10.41560,   -0.18516,   14.19937,    1.84951,    8.00804,    3.71377,   14.10365,   10.10092 
   2.24000,   14.24293,   10.39990,   -0.22089,   14.15595,    1.85314,    8.09424,    3.75202,   14.18950,   10.14677 
   2.25000,   14.20235,   10.36707,   -0.23052,   14.13319,    1.88173,    8.18493,    3.82478,   14.28670,   10.21024 
   2.26000,   14.17245,   10.31235,   -0.20417,   14.14150,    1.92971,    8.25785,    3.91831,   14.38481,   10.29294 
   2.27000,   14.15121,   10.23619,   -0.14282,   14.17319,    1.98465,    8.30236,    4.01106,   14.47673,   10.38115 
   2.28000,   14.13604,   10.14657,   -0.06174,   14.20312,    2.02914,    8.31560,    4.07921,   14.54702,   10.45708 
   2.29000,   14.12711,   10.05185,    0.01748,   14.20627,    2.05027,    8.29791,    4.10757,   14.57237,   10.50365 
   2.30000,   14.12482,    9.95732,    0.07936,   14.18084,    2.04858,    8.25832,    4.09717,   14.54001,   10.50668 
   2.31000,   14.12747,    9.86687,    0.11893,   14.14719,    2.03654,    8.21475,    4.06347,   14.46576,   10.46807 
   2.32000,   14.13417,    9.78509,    0.13890,   14.12673,    2.02853,    8.18281,    4.02047,   14.38197,   10.40339 
   2.33000,   14.14600,    9.71818,    0.14882,   14.13104,    2.03761,    8.16681,    3.97385,   14.31607,   10.32875 
   2.34000,   14.16360,    9.67290,    0.16182,   14.16249,    2.07363,    8.16067,    3.92849,   14.27971,   10.25679 
   2.35000,   14.18619,    9.65432,    0.18897,   14.21649,    2.13793,    8.15633,    3.89431,   14.26712,   10.19452 
   2.36000,   14.21278,    9.66219,    0.23258,   14.28379,    2.21767,    8.15256,    3.88085,   14.26512,   10.14315 
   2.37000,   14.24110,    9.69085,    0.28439,   14.35272,    2.28850,    8.15652,    3.89218,   14.26611,   10.10097 
   2.38000,   14.26681,    9.73471,    0.33164,   14.41456,    2.32699,    8.17531,    3.92653,   14.26870,   10.06472 
   2.39000,   14.28399,    9.79242,    0.36310,   14.46394,    2.31835,    8.20820,    3.97728,   14.27197,   10.03179 
   2.40000,   14.28718,    9.86556,    0.37309,   14.49588,    2.26425,    8.24849,    4.03548,   14.27246,   10.00294 
   2.41000,   14.27468,    9.95284,    0.35890,   14.50492,    2.18389,    8.28698,    4.09092,   14.26674,    9.98133 
   2.42000,   14.25297,   10.04974,    0.31903,   14.48498,    2.10117,    8.31290,    4.13153,   14.25365,    9.97188 
   2.43000,   14.23317,   10.15053,    0.25253,   14.43281,    2.03092,    8.31736,    4.14546,   14.23383,    9.98139 
   2.44000,   14.22202,   10.24609,    0.16448,   14.35478,    1.97624,    8.29824,    4.12670,   14.20970,   10.01527 
   2.45000,   14.21813,   10.32609,    0.06397,   14.26572,    1.93657,    8.26123,    4.08497,   14.18463,   10.07106 
   2.46000,   14.21735,   10.38236,   -0.03976,   14.18535,    1.91097,    8.21281,    4.04492,   14.15877,   10.13168 
   2.47000,   14.21802,   10.41130,   -0.13485,   14.13235,    1.89664,    8.15825,    4.03050,   14.12969,   10.17109 
   2.48000,   14.22093,   10.41416,   -0.21040,   14.11795,    1.88832,    8.10407,    4.04924,   14.09895,   10.17728 
   2.49000,   14.22546,   10.39306,   -0.26123,   14.14264,    1.88298,    8.05916,    4.09027,   14.07697,   10.16411 
   2.50000,   14.23019,   10.35153,   -0.28568,   14.19733,    1.88218,    8.03026,    4.13830,   14.07626,   10.15152 
   2.51000,   14.23425,   10.29743,   -0.28516,   14.26576,    1.89066,    8.01864,    4.18185,   14.10293,   10.15191 
   2.52000,   14.23847,   10.23951,   -0.26247,   14.32979,    1.91229,    8.02034,    4.21371,   14.15516,   10.16830 
   2.53000,   14.24422,   10.18274,   -0.22129,   14.37338,    1.94706,    8.03026,    4.22861,   14.22401,   10.19846 
   2.54000,   14.25325,   10.12719,   -0.16524,   14.38715,    1.99046,    8.04447,    4.22158,   14.29489,   10.23751 
   2.55000,   14.26858,   10.07024,   -0.09839,   14.37084,    2.03666,    8.06158,    4.18860,   14.35244,   10.27980 
   2.56000,   14.29192,   10.01064,   -0.02618,   14.33344,    2.08077,    8.08379,    4.13341,   14.38709,   10.31849 
   2.57000,   14.31956,    9.95249,    0.04614,   14.29025,    2.12044,    8.11710,    4.07242,   14.39564,   10.34291 
   2.58000,   14.34229,    9.90496,    0.11233,   14.26006,    2.15535,    8.16806,    4.03070,   14.37643,   10.33641 
   2.59000,   14.34982,    9.87621,    0.16738,   14.25998,    2.18176,    8.23962,    4.02495,   14.32961,   10.28738 
   2.60000,   14.33956,    9.86867,    0.20936,   14.29263,    2.18859,    8.32191,    4.04930,   14.26153,   10.20592 
   2.61000,   14.31833,    9.88120,    0.23331,   14.34511,    2.15978,    8.39287,    4.08318,   14.19071,   10.11835 
   2.62000,   14.29641,    9.91335,    0.23148,   14.39711,    2.08779,    8.43959,    4.10460,   14.13941,   10.05350 
   2.63000,   14.28013,    9.96635,    0.20103,   14.42799,    1.98413,    8.46770,    4.08933,   14.12081,   10.03555 
   2.64000,   14.27042,   10.04066,    0.14646,   14.42397,    1.87208,    8.48217,    4.02635,   14.13159,   10.07665 
   2.65000,   14.26567,   10.13373,    0.07744,   14.38251,    1.77226,    8.47689,    3.93569,   14.15768,   10.16645 
   2.66000,   14.26328,   10.23654,    0.00763,   14.31162,    1.70101,    8.44317,    3.84828,   14.19201,   10.28375 
   2.67000,   14.26038,   10.33075,   -0.04355,   14.22549,    1.66976,    8.38171,    3.78484,   14.23735,   10.40851 
   2.68000,   14.25223,   10.39712,   -0.05665,   14.13784,    1.68256,    8.30444,    3.75263,   14.29514,   10.52197 
   2.69000,   14.23609,   10.42655,   -0.02620,   14.05868,    1.73782,    8.22586,    3.75026,   14.35978,   10.60812 
   2.70000,   14.21481,   10.42614,    0.03348,   13.99435,    1.82697,    8.15381,    3.76929,   14.42195,   10.65455 
   2.71000,   14.19483,   10.41150,    0.09906,   13.94973,    1.93545,    8.08948,    3.79517,   14.47587,   10.65591 
   2.72000,   14.18256,   10.39467,    0.14953,   13.93291,    2.04457,    8.03772,    3.81104,   14.52065,   10.61433 
   2.73000,   14.18212,   10.37979,    0.16929,   13.95754,    2.13411,    8.00540,    3.80841,   14.55634,   10.53811 
   2.74000,   14.19175,   10.36497,    0.14881,   14.02800,    2.19211,    7.99096,    3.79202,   14.58231,   10.43938 
   2.75000,   14.20568,   10.34394,    0.09029,   14.12958,    2.21975,    7.98567,    3.77592,   14.59622,   10.33352 
   2.76000,   14.21913,   10.31240,    0.00697,   14.24031,    2.22924,    7.98462,    3.77824,   14.59417,   10.23998 
   2.77000,   14.23018,   10.26958,   -0.08095,   14.33925,    2.23597,    7.98921,    3.81717,   14.57317,   10.17835 
   2.78000,   14.23951,   10.21816,   -0.15060,   14.40969,    2.25068,    8.00401,    3.90162,   14.53033,   10.15870 
   2.79000,   14.24900,   10.16108,   -0.18195,   14.44656,    2.27306,    8.03326,    4.01995,   14.46871,   10.17622 
   2.80000,   14.26119,   10.10363,   -0.16656,   14.45389,    2.29343,    8.07745,    4.14568,   14.39518,   10.21893 
   2.81000,   14.27887,   10.05706,   -0.11120,   14.43800,    2.30066,    8.13248,    4.25164,   14.31872,   10.27573 
   2.82000,   14.30399,   10.03168,   -0.03420,   14.40613,    2.28788,    8.19356,    4.31191,   14.25485,   10.33573 
   2.83000,   14.33604,   10.03029,    0.04448,   14.37097,    2.25395,    8.25527,    4.31058,   14.21552,   10.38781 
   2.84000,   14.37195,   10.04878,    0.11172,   14.34857,    2.20375,    8.30964,    4.25465,   14.20195,   10.42299 
   2.85000,   14.40587,   10.07920,    0.16372,   14.35030,    2.14687,    8.35008,    4.16937,   14.20685,   10.43511 
   2.86000,   14.42935,   10.11225,    0.20223,   14.37644,    2.09503,    8.37517,    4.08084,   14.22312,   10.42508 
   2.87000,   14.43409,   10.13917,    0.23054,   14.41785,    2.05773,    8.38853,    4.01153,   14.24739,   10.39796 
   2.88000,   14.41694,   10.15593,    0.24974,   14.46352,    2.03843,    8.39359,    3.97572,   14.28191,   10.35764 
   2.89000,   14.38163,   10.16408,    0.25853,   14.50511,    2.03298,    8.38907,    3.97704,   14.33029,   10.30602 
   2.90000,   14.33654,   10.16860,    0.25606,   14.53462,    2.03202,    8.36983,    4.00774,   14.39005,   10.24530 
   2.91000,   14.29393,   10.17574,    0.24476,   14.54362,    2.02532,    8.32883,    4.05451,   14.45184,   10.17983 
   2.92000,   14.26851,   10.19204,    0.22662,   14.52751,    2.00641,    8.26151,    4.10519,   14.50616,   10.11569 
   2.93000,   14.27163,   10.22103,    0.19730,   14.48991,    1.97365,    8.17253,    4.15091,   14.54762,   10.05866 
   2.94000,   14.30556,   10.25961,    0.14899,   14.44067,    1.93003,    8.07431,    4.18438,   14.57224,   10.01295 
   2.95000,   14.36196,   10.29913,    0.08248,   14.39223,    1.88233,    7.98133,    4.20250,   14.57648,    9.98154 
   2.96000,   14.42435,   10.33012,    0.01051,   14.35381,    1.84239,    7.90806,    4.20523,   14.55967,    9.96968 
   2.97000,   14.47256,   10.34431,   -0.04922,   14.32857,    1.82783,    7.86901,    4.19764,   14.52444,    9.98467 
   2.98000,   14.48798,   10.33542,   -0.08424,   14.31178,    1.85148,    7.87132,    4.18885,   14.47675,   10.03361 
   2.99000,   14.46243,   10.30405,   -0.09285,   14.29508,    1.91144,    7.90916,    4.18553,   14.42327,   10.11689 
   3.00000,   14.40398,   10.25760,   -0.08459,   14.27388,    1.99263,    7.96955,    4.18978,   14.36996,   10.22281 
   3.01000,   14.32900,   10.20448,   -0.07266,   14.24785,    2.07544,    8.04135,    4.20131,   14.32449,   10.32938 
   3.02000,   14.25371,   10.15138,   -0.06515,   14.21833,    2.14017,    8.11276,    4.21572,   14.29610,   10.40768 
   3.03000,   14.19107,   10.10325,   -0.06264,   14.18621,    2.17363,    8.17230,    4.22131,   14.28842,   10.43235 
   3.04000,   14.14921,   10.06457,   -0.06462,   14.15387,    2.17490,    8.21377,    4.20389,   14.29428,   10.39801 
   3.05000,   14.13068,   10.03591,   -0.06964,   14.12684,    2.15629,    8.23917,    4.16013,   14.30159,   10.32127 
   3.06000,   14.13387,   10.01523,   -0.07373,   14.11137,    2.13644,    8.25412,    4.09754,   14.30043,   10.22658 
   3.07000,   14.15557,   10.00131,   -0.06897,   14.11159,    2.12968,    8.26402,    4.02689,   14.28612,   10.13264 
   3.08000,   14.19095,    9.99588,   -0.04672,   14.12747,    2.13942,    8.27253,    3.96421,   14.26514,   10.05030 
   3.09000,   14.23468,   10.00424,    0.00058,   14.15434,    2.15917,    8.28218,    3.93149,   14.25952,    9.98698 
   3.10000,   14.28150,   10.03084,    0.07340,   14.18578,    2.17698,    8.29375,    3.94529,   14.29215,    9.94759 
   3.11000,   14.32820,   10.07491,    0.16232,   14.21627,    2.18060,    8.30588,    4.00437,   14.36283,    9.93581 
   3.12000,   14.37407,   10.13198,    0.25212,   14.24447,    2.16354,    8.31448,    4.09053,   14.44756,    9.95195 
   3.13000,   14.41922,   10.19843,    0.32996,   14.27354,    2.12747,    8.31269,    4.18352,   14.51982,    9.99198 
   3.14000,   14.46369,   10.27219,    0.38573,   14.30440,    2.08270,    8.29249,    4.26657,   14.56178,   10.04950 
   3.15000,   14.50599,   10.34926,    0.41195,   14.32656,    2.04638,    8.24968,    4.32704,   14.56662,   10.11869 
   3.16000,   14.54257,   10.41938,    0.40003,   14.32478,    2.03606,    8.18846,    4.35667,   14.53750,   10.19248 
   3.17000,   14.56893,   10.46854,    0.34706,   14.29843,    2.05493,    8.12346,    4.34959,   14.48761,   10.25643 
   3.18000,   14.58080,   10.48421,    0.25871,   14.26365,    2.09266,    8.07226,    4.30262,   14.44012,   10.29204 
   3.19000,   14.57542,   10.46082,    0.14587,   14.24027,    2.13926,    8.04711,    4.21894,   14.41767,   10.29082 
   3.20000,   14.54988,   10.40241,    0.02530,   14.24161,    2.19013,    8.05189,    4.11149,   14.42589,   10.26191 
   3.21000,   14.50009,   10.32066,   -0.08797,   14.26651,    2.24162,    8.08228,    4.00013,   14.45384,   10.22229 
   3.22000,   14.42170,   10.23031,   -0.18574,   14.30235,    2.28669,    8.12844,    3.90527,   14.48456,   10.18658 
   3.23000,   14.31563,   10.14364,   -0.26325,   14.33463,    2.31602,    8.18033,    3.84419,   14.50158,   10.16768 
   3.24000,   14.19853,   10.07013,   -0.31825,   14.35729,    2.32345,    8.22958,    3.82703,   14.49192,   10.17781 
   3.25000,   14.09845,   10.01429,   -0.34755,   14.37364,    2.31047,    8.27031,    3.85253,   14.45243,   10.22153 
   3.26000,   14.03943,    9.97760,   -0.34510,   14.38993,    2.28453,    8.30052,    3.90861,   14.39020,   10.28978 
   3.27000,   14.03016,    9.96250,   -0.30974,   14.40865,    2.25513,    8.32391,    3.97844,   14.31570,   10.36670 
   3.28000,   14.06604,    9.97444,   -0.25010,   14.42691,    2.23147,    8.34568,    4.04432,   14.24056,   10.43205 
   3.29000,   14.13540,   10.01425,   -0.18040,   14.43927,    2.21792,    8.36683,    4.08881,   14.18198,   10.46135 
   3.30000,   14.22368,   10.07731,   -0.11200,   14.44355,    2.21259,    8.38201,    4.10336,   14.15707,   10.43819 
   3.31000,   14.31475,   10.15443,   -0.04842,   14.44246,    2.20872,    8.38420,    4.09750,   14.16861,   10.36986 
   3.32000,   14.39387,   10.22982,    0.01889,   14.44057,    2.19778,    8.36997,    4.08770,   14.20175,   10.27728 
   3.33000,   14.45414,   10.28868,    0.10443,   14.44002,    2.17293,    8.34110,    4.08659,   14.23753,   10.17891 
   3.34000,   14.49731,   10.32745,    0.21032,   14.43883,    2.13077,    8.30158,    4.09932,   14.26054,   10.09392 
   3.35000,   14.52772,   10.34835,    0.32359,   14.43181,    2.07183,    8.25514,    4.12257,   14.26577,   10.04041 
   3.36000,   14.54936,   10.34963,    0.42855,   14.41468,    2.00065,    8.20566,    4.14423,   14.25820,   10.03225 
   3.37000,   14.56422,   10.32943,    0.51674,   14.38555,    1.92660,    8.15681,    4.14902,   14.24703,   10.07453 
   3.38000,   14.57184,   10.28982,    0.58437,   14.34110,    1.86333,    8.11110,    4.13001,   14.23685,   10.15919 
   3.39000,   14.57025,   10.23764,    0.62875,   14.27636,    1.82638,    8.07073,    4.09280,   14.22852,   10.26649 
   3.40000,   14.55707,   10.18235,    0.64757,   14.19175,    1.82478,    8.03782,    4.04745,   14.22441,   10.37364 
   3.41000,   14.52959,   10.13490,    0.63817,   14.10009,    1.85411,    8.01493,    4.00164,   14.23110,   10.45682 
   3.42000,   14.48377,   10.10648,    0.59824,   14.02187,    1.90023,    8.00410,    3.96295,   14.25544,   10.49890 
   3.43000,   14.41452,   10.10528,    0.52577,   13.97573,    1.94561,    8.00215,    3.93891,   14.29888,   10.49630 
   3.44000,   14.32085,   10.13138,    0.42034,   13.97365,    1.97696,    8.00209,    3.93688,   14.35462,   10.45957 
   3.45000,   14.21155,   10.17770,    0.28772,   14.01347,    1.99218,    8.00131,    3.96023,   14.41050,   10.40543 
   3.46000,   14.10465,   10.23747,    0.14359,   14.07920,    1.99775,    8.00408,    4.00496,   14.45561,   10.34937 
   3.47000,   14.02655,   10.30231,    0.01737,   14.15222,    1.99965,    8.01778,    4.05813,   14.48671,   10.30210 
   3.48000,   14.01171,   10.35879,   -0.05613,   14.21837,    2.00085,    8.04829,    4.10354,   14.50341,   10.26898 
   3.49000,   14.06542,   10.39780,   -0.08151,   14.26975,    2.00194,    8.09598,    4.13135,   14.50266,   10.24766 
   3.50000,   14.15486,   10.41597,   -0.09698,   14.30283,    2.00281,    8.15458,    4.14072,   14.48158,   10.22892 
   3.51000,   14.25165,   10.40971,   -0.12200,   14.31726,    2.00159,    8.21423,    4.13289,   14.43997,   10.20450 
   3.52000,   14.34028,   10.37197,   -0.15364,   14.31520,    1.99551,    8.26480,    4.11036,   14.38169,   10.17056 
   3.53000,   14.41307,   10.29539,   -0.17835,   14.30031,    1.98381,    8.29937,    4.07733,   14.31739,   10.12784 
   3.54000,   14.46976,   10.18142,   -0.18123,   14.27670,    1.96776,    8.31633,    4.03911,   14.26255,   10.08119 
   3.55000,   14.51225,   10.04721,   -0.15490,   14.24957,    1.95006,    8.31787,    3.99978,   14.22990,   10.03867 
   3.56000,   14.54184,    9.92431,   -0.10444,   14.22445,    1.93401,    8.30670,    3.96471,   14.22268,   10.00943 
   3.57000,   14.55771,    9.85667,   -0.04960,   14.20526,    1.92325,    8.28569,    3.94359,   14.23298,    9.99841 
   3.58000,   14.56020,    9.87367,   -0.01167,   14.19362,    1.92022,    8.26023,    3.94583,   14.24701,   10.00365 
   3.59000,   14.55137,    9.96365,    0.01208,   14.18987,    1.92540,    8.23863,    3.97404,   14.25357,   10.01927 
   3.60000,   14.52966,   10.09467,    0.04039,   14.19411,    1.93817,    8.22965,    4.02011,   14.24899,   10.03956 
   3.61000,   14.49112,   10.23977,    0.08517,   14.20649,    1.95912,    8.23931,    4.06926,   14.23663,   10.06382 
   3.62000,   14.43686,   10.37924,    0.14531,   14.22659,    1.99304,    8.26910,    4.10577,   14.22318,   10.09425 
   3.63000,   14.37564,   10.49153,    0.20895,   14.25264,    2.04622,    8.31453,    4.11815,   14.21380,   10.13196 
   3.64000,   14.32133,   10.55125,    0.25885,   14.28004,    2.11851,    8.36482,    4.10259,   14.20935,   10.17277 
   3.65000,   14.28548,   10.54005,    0.27760,   14.30216,    2.19495,    8.40494,    4.06320,   14.20756,   10.20831 
   3.66000,   14.26690,   10.47591,    0.26058,   14.31336,    2.25059,    8.42504,    4.01043,   14.20572,   10.23199 
   3.67000,   14.26239,   10.39718,    0.21178,   14.31303,    2.26617,    8.42453,    3.95674,   14.20128,   10.24052 
   3.68000,   14.27291,   10.33209,    0.13363,   14.30671,    2.23986,    8.41016,    3.91262,   14.19306,   10.23353 
   3.69000,   14.29646,   10.28999,    0.03148,   14.30317,    2.18470,    8.38867,    3.88342,   14.18318,   10.21498 
   3.70000,   14.32538,   10.26976,   -0.08365,   14.31079,    2.11861,    8.36185,    3.87137,   14.17591,   10.19115 
   3.71000,   14.35323,   10.26701,   -0.19746,   14.33354,    2.05776,    8.32964,    3.87758,   14.17557,   10.16867 
   3.72000,   14.37605,   10.27647,   -0.29584,   14.36842,    2.01251,    8.29167,    3.90147,   14.18744,   10.15375 
   3.73000,   14.38857,   10.29511,   -0.36664,   14.40464,    1.98379,    8.24850,    3.93780,   14.21788,   10.15223 
   3.74000,   14.38686,   10.32017,   -0.40040,   14.42575,    1.96171,    8.20325,    3.97602,   14.27185,   10.16783 
   3.75000,   14.37117,   10.34559,   -0.39312,   14.41603,    1.92637,    8.16298,    4.00682,   14.34712,   10.19986 
   3.76000,   14.34713,   10.36288,   -0.34616,   14.36968,    1.86364,    8.13872,    4.02861,   14.42944,   10.24126 
   3.77000,   14.32123,   10.36430,   -0.26574,   14.29737,    1.78102,    8.13838,    4.04737,   14.49539,   10.27931 
   3.78000,   14.29695,   10.34684,   -0.16212,   14.21980,    1.69863,    8.16210,    4.07209,   14.52680,   10.30023 
   3.79000,   14.27635,   10.31142,   -0.04956,   14.15669,    1.63365,    8.20116,    4.10906,   14.52084,   10.29762 
   3.80000,   14.25954,   10.26233,    0.05605,   14.11905,    1.59662,    8.24093,    4.15631,   14.48947,   10.27773 
   3.81000,   14.24289,   10.20821,    0.14263,   14.10768,    1.59287,    8.26596,    4.20685,   14.44683,   10.25371 
   3.82000,   14.21874,   10.16278,    0.20271,   14.11750,    1.62306,    8.26550,    4.25375,   14.40142,   10.23875 
   3.83000,   14.18137,   10.13850,    0.23496,   14.14144,    1.68417,    8.23969,    4.28811,   14.35741,   10.24132 
   3.84000,   14.13797,   10.13570,    0.24497,   14.17297,    1.76911,    8.19943,    4.29786,   14.31789,   10.26142 
   3.85000,   14.11034,   10.13932,    0.24178,   14.20681,    1.86808,    8.16302,    4.27485,   14.28675,   10.29104 
   3.86000,   14.11774,   10.13108,    0.23391,   14.23864,    1.96684,    8.15097,    4.21900,   14.26787,   10.32053 
   3.87000,   14.16089,   10.10672,    0.22512,   14.26390,    2.05177,    8.17841,    4.13741,   14.26234,   10.34359 
   3.88000,   14.22768,   10.07536,    0.21530,   14.28139,    2.11832,    8.23981,    4.04549,   14.26730,   10.35511 
   3.89000,   14.30319,   10.04830,    0.20303,   14.29209,    2.16776,    8.30797,    3.96813,   14.27829,   10.34682 
   3.90000,   14.37582,   10.03355,    0.18613,   14.29401,    2.20306,    8.35141,    3.93110,   14.29173,   10.31110 
   3.91000,   14.43958,   10.03597,    0.16155,   14.28157,    2.23052,    8.35450,    3.94452,   14.30590,   10.25079 
   3.92000,   14.49358,   10.05591,    0.12626,   14.25322,    2.25658,    8.32253,    3.99865,   14.32095,   10.18375 
   3.93000,   14.53972,   10.08893,    0.07864,   14.21302,    2.28038,    8.27014,    4.07632,   14.33906,   10.13295 
   3.94000,   14.58009,   10.12777,    0.01930,   14.16395,    2.29464,    8.21051,    4.16201,   14.35991,   10.11323 
   3.95000,   14.61577,   10.16538,   -0.04841,   14.10702,    2.29344,    8.15505,    4.24043,   14.37982,   10.12649 
   3.96000,   14.64580,   10.19943,   -0.11877,   14.04505,    2.27612,    8.11364,    4.29397,   14.39414,   10.16648 
   3.97000,   14.66616,   10.23274,   -0.18516,   13.98747,    2.24650,    8.09392,    4.30750,   14.40103,   10.22512 
   3.98000,   14.67146,   10.26879,   -0.24205,   13.95169,    2.21051,    8.10238,    4.27672,   14.39974,   10.29146 
   3.99000,   14.65690,   10.30746,   -0.28626,   13.95565,    2.17119,    8.14236,    4.21110,   14.38939,   10.35169 
   4.00000,   14.61869,   10.34267,   -0.31665,   14.00556,    2.12842,    8.20719,    4.12749,   14.36762,   10.39095 
   4.01000,   14.55495,   10.36431,   -0.33404,   14.09081,    2.08016,    8.28009,    4.04375,   14.33129,   10.39548 
   4.02000,   14.46915,   10.36500,   -0.33898,   14.19370,    2.02540,    8.34300,    3.97926,   14.28316,   10.35891 
   4.03000,   14.37413,   10.34239,   -0.32859,   14.29242,    1.96729,    8.37992,    3.95074,   14.23263,   10.28421 
   4.04000,   14.29194,   10.29836,   -0.29611,   14.35884,    1.91056,    8.37784,    3.96212,   14.18954,   10.18425 
   4.05000,   14.24305,   10.23892,   -0.23482,   14.37076,    1.85967,    8.33559,    4.00369,   14.16076,   10.07921 
   4.06000,   14.23186,   10.17549,   -0.14802,   14.33142,    1.81692,    8.27411,    4.05846,   14.15239,    9.99143 
   4.07000,   14.24697,   10.12620,   -0.05333,   14.26524,    1.78465,    8.22431,    4.11181,   14.16794,    9.94144 
   4.08000,   14.27233,   10.11019,    0.02820,   14.20409,    1.77346,    8.20921,    4.15403,   14.20257,    9.94200 
   4.09000,   14.29216,   10.13646,    0.08631,   14.17600,    1.79903,    8.23382,    4.17675,   14.24058,    9.99319 
   4.10000,   14.29450,   10.19691,    0.12519,   14.18981,    1.86496,    8.28076,    4.17387,   14.26581,   10.08284 
   4.11000,   14.27277,   10.27383,    0.15181,   14.23400,    1.95234,    8.32129,    4.14657,   14.27203,   10.19121 
   4.12000,   14.22900,   10.34962,    0.16804,   14.29058,    2.03153,    8.33006,    4.10514,   14.26116,   10.29345 
   4.13000,   14.17380,   10.41025,    0.17096,   14.34335,    2.08084,    8.29453,    4.06606,   14.24175,   10.36523 
   4.14000,   14.12301,   10.44575,    0.15737,   14.38042,    2.09337,    8.22219,    4.04523,   14.22807,   10.39247 
   4.15000,   14.09155,   10.45418,    0.12829,   14.39705,    2.07235,    8.13474,    4.04868,   14.23191,   10.37537 
   4.16000,   14.08887,   10.44442,    0.08821,   14.40108,    2.02503,    8.05697,    4.06927,   14.25032,   10.32892 
   4.17000,   14.11776,   10.43053,    0.04590,   14.40996,    1.96516,    8.01081,    4.09472,   14.27171,   10.27581 
   4.18000,   14.17485,   10.41930,    0.01378,   14.43668,    1.91290,    8.00953,    4.11324,   14.28617,   10.23824 
   4.19000,   14.24994,   10.40703,    0.00298,   14.47588,    1.89046,    8.04672,    4.11686,   14.29081,   10.22693 
   4.20000,   14.32613,   10.38822,    0.01618,   14.50964,    1.91315,    8.09683,    4.10148,   14.28929,   10.23903 
   4.21000,   14.38373,   10.36281,    0.04474,   14.52494,    1.97828,    8.13334,    4.06661,   14.28833,   10.26392 
   4.22000,   14.41057,   10.33276,    0.07118,   14.51575,    2.05864,    8.14739,    4.01411,   14.29684,   10.28845 
   4.23000,   14.40847,   10.29499,    0.07831,   14.48027,    2.11638,    8.14625,    3.95155,   14.32332,   10.30170 
   4.24000,   14.39045,   10.24379,    0.05675,   14.42576,    2.12809,    8.14063,    3.90067,   14.36991,   10.29591 
   4.25000,   14.37103,   10.17977,    0.00665,   14.36744,    2.09282,    8.13888,    3.88746,   14.43326,   10.26898 
   4.26000,   14.35819,   10.11090,   -0.06553,   14.31706,    2.02460,    8.14403,    3.91534,   14.50728,   10.22881 
   4.27000,   14.35113,   10.04797,   -0.14878,   14.28039,    1.94603,    8.15784,    3.96169,   14.58257,   10.19115 
   4.28000,   14.34366,   10.00875,   -0.22008,   14.26188,    1.88331,    8.18596,    3.99742,   14.64237,   10.16701 
   4.29000,   14.33012,   10.02065,   -0.24870,   14.26255,    1.85719,    8.23527,    4.00122,   14.66689,   10.16108 
   4.30000,   14.31243,   10.09265,   -0.22738,   14.27671,    1.87533,    8.30496,    3.96781,   14.64717,   10.17183 
   4.31000,   14.29148,   10.19784,   -0.17674,   14.29374,    1.93069,    8.38221,    3.90791,   14.58863,   10.18898 
   4.32000,   14.25906,   10.30733,   -0.11415,   14.30694,    2.00716,    8.44942,    3.83827,   14.50234,   10.19909 
   4.33000,   14.20737,   10.40403,   -0.05019,   14.31388,    2.08123,    8.48794,    3.77646,   14.40207,   10.18809 
   4.34000,   14.14373,   10.47931,    0.00630,   14.31489,    2.12770,    8.48323,    3.73847,   14.30321,   10.14286 
   4.35000,   14.08875,   10.53261,    0.05014,   14.31243,    2.13635,    8.43697,    3.73897,   14.22285,   10.05976 
   4.36000,   14.06439,   10.56314,    0.07814,   14.30713,    2.11621,    8.36720,    3.78260,   14.17275,    9.95411 
   4.37000,   14.08040,   10.56954,    0.09009,   14.29513,    2.08092,    8.29449,    3.86576,   14.15604,    9.85454 
   4.38000,   14.13166,   10.55094,    0.08988,   14.27353,    2.03893,    8.23363,    3.97735,   14.16502,    9.78744 
   4.39000,   14.20588,   10.50697,    0.08442,   14.24536,    1.99451,    8.19337,    4.10327,   14.18695,    9.76543 
   4.40000,   14.29027,   10.43866,    0.08046,   14.21899,    1.95269,    8.17517,    4.22538,   14.20818,    9.78762 
   4.41000,   14.37151,   10.35104,    0.08089,   14.20484,    1.92300,    8.17481,    4.32976,   14.22026,    9.84380 
   4.42000,   14.43677,   10.25657,    0.08718,   14.21218,    1.91689,    8.18592,    4.41120,   14.22426,    9.92130 
   4.43000,   14.47241,   10.17617,    0.09824,   14.24371,    1.93737,    8.20231,    4.46424,   14.22812,   10.00775 
   4.44000,   14.46899,   10.13107,    0.11215,   14.29220,    1.97192,    8.21579,    4.48242,   14.24148,   10.08934 
   4.45000,   14.43123,   10.12492,    0.12928,   14.34102,    1.99840,    8.21483,    4.46415,   14.26900,   10.15450 
   4.46000,   14.37938,   10.13898,    0.14802,   14.36855,    2.00064,    8.19443,    4.41418,   14.30763,   10.19798 
   4.47000,   14.33657,   10.15144,    0.16131,   14.35867,    1.97814,    8.16352,    4.34328,   14.34857,   10.22311 
   4.48000,   14.31799,   10.15278,    0.16042,   14.31124,    1.94252,    8.13668,    4.26686,   14.37939,   10.23707 
   4.49000,   14.32774,   10.14658,    0.14110,   14.24197,    1.90579,    8.12195,    4.19773,   14.38947,   10.24628 
   4.50000,   14.36002,   10.14196,    0.10550,   14.17266,    1.87448,    8.11940,    4.13887,   14.37554,   10.25617 
   4.51000,   14.40446,   10.14463,    0.05912,   14.12667,    1.85139,    8.12742,    4.08292,   14.34482,   10.27007 
   4.52000,   14.44809,   10.15320,    0.00930,   14.12234,    1.83588,    8.14454,    4.02246,   14.31019,   10.28762 
   4.53000,   14.47882,   10.16159,   -0.03524,   14.16797,    1.82699,    8.16844,    3.95882,   14.28030,   10.30329 
   4.54000,   14.48774,   10.15985,   -0.06409,   14.25754,    1.82641,    8.19303,    3.90013,   14.25828,   10.30944 
   4.55000,   14.47143,   10.13950,   -0.06666,   14.37202,    1.83957,    8.21099,    3.85643,   14.24648,   10.29967 
   4.56000,   14.43410,   10.09766,   -0.03721,   14.48289,    1.87218,    8.21373,    3.83529,   14.24908,   10.27182 
   4.57000,   14.38704,   10.04124,    0.01717,   14.55988,    1.92382,    8.19464,    3.83901,   14.26871,   10.22995 
   4.58000,   14.34150,    9.98500,    0.07804,   14.58615,    1.98470,    8.15555,    3.86434,   14.30361,   10.18402 
   4.59000,   14.30494,    9.94302,    0.12675,   14.56449,    2.04224,    8.10823,    3.90340,   14.34652,   10.14604 
   4.60000,   14.28052,    9.92327,    0.15184,   14.51081,    2.08964,    8.06556,    3.94641,   14.38555,   10.12923 
   4.61000,   14.26541,    9.92545,    0.14958,   14.44439,    2.12757,    8.03502,    3.98541,   14.41006,   10.14457 
   4.62000,   14.25287,    9.94322,    0.12189,   14.37983,    2.16221,    8.01985,    4.01572,   14.41928,   10.19269 
   4.63000,   14.23749,    9.97175,    0.07561,   14.32584,    2.20133,    8.02356,    4.03609,   14.42241,   10.26071 
   4.64000,   14.21875,   10.01012,    0.02226,   14.28646,    2.24844,    8.04698,    4.04824,   14.42787,   10.32901 
   4.65000,   14.20276,   10.05980,   -0.02328,   14.26324,    2.29881,    8.08338,    4.05675,   14.43284,   10.37615 
   4.66000,   14.19898,   10.12013,   -0.04804,   14.25491,    2.34165,    8.12056,    4.06840,   14.42197,   10.38449 
   4.67000,   14.21205,   10.18461,   -0.05253,   14.25537,    2.36825,    8.14769,    4.08742,   14.38271,   10.35157 
   4.68000,   14.23978,   10.24290,   -0.04926,   14.25711,    2.37477,    8.16129,    4.11177,   14.31959,   10.29730 
   4.69000,   14.27627,   10.28743,   -0.04896,   14.25474,    2.36018,    8.16489,    4.13765,   14.25123,   10.25254 
   4.70000,   14.31534,   10.31586,   -0.05418,   14.24595,    2.32532,    8.16308,    4.16284,   14.19635,   10.24329 
   4.71000,   14.35140,   10.32947,   -0.06061,   14.23092,    2.27386,    8.15763,    4.18488,   14.16445,   10.27928 
   4.72000,   14.37882,   10.33195,   -0.06164,   14.20991,    2.21303,    8.15035,    4.20090,   14.15577,   10.35088 
   4.73000,   14.39418,   10.32671,   -0.05191,   14.18232,    2.15162,    8.14502,    4.20763,   14.17050,   10.43318 
   4.74000,   14.39739,   10.31555,   -0.03094,   14.14791,    2.09623,    8.14593,    4.20102,   14.21145,   10.49108 
   4.75000,   14.39036,   10.30097,   -0.00340,   14.11086,    2.05087,    8.15551,    4.17724,   14.28014,   10.48651 
   4.76000,   14.37507,   10.28672,    0.02332,   14.08332,    2.01540,    8.17222,    4.14171,   14.36929,   10.40203 
   4.77000,   14.35129,   10.27664,    0.04211,   14.08213,    1.98528,    8.18931,    4.10898,   14.46144,   10.25886 
   4.78000,   14.31942,   10.27499,    0.04886,   14.12151,    1.95480,    8.19826,    4.08974,   14.53736,   10.09480 
   4.79000,   14.28230,   10.28504,    0.04570,   14.20398,    1.92147,    8.19376,    4.08350,   14.57650,    9.95049 
   4.80000,   14.24481,   10.30627,    0.03813,   14.31608,    1.88636,    8.17769,    4.08050,   14.56582,    9.86098 
   4.81000,   14.21258,   10.33189,    0.02867,   14.43155,    1.85345,    8.15969,    4.07042,   14.51103,    9.83447 
   4.82000,   14.19245,   10.34833,    0.01547,   14.51824,    1.82766,    8.15425,    4.05070,   14.43245,    9.85744 
   4.83000,   14.19089,   10.34353,   -0.00119,   14.54516,    1.81306,    8.17600,    4.02640,   14.35044,    9.91396 
   4.84000,   14.21175,   10.31704,   -0.01367,   14.49877,    1.81635,    8.22602,    4.00415,   14.27773,    9.99009 
   4.85000,   14.25281,   10.27943,   -0.01202,   14.39392,    1.84225,    8.28705,    3.98594,   14.21985,   10.07371 
   4.86000,   14.30495,   10.24476,    0.00686,   14.26144,    1.88825,    8.33710,    3.96878,   14.18279,   10.15071 
   4.87000,   14.35210,   10.22737,    0.03912,   14.13949,    1.95032,    8.36013,    3.95044,   14.17163,   10.20907 
   4.88000,   14.37842,   10.23750,    0.07784,   14.07087,    2.02672,    8.34666,    3.93314,   14.18414,   10.24596 
   4.89000,   14.37459,   10.27631,    0.11353,   14.07473,    2.11383,    8.30593,    3.92499,   14.21171,   10.26513 
   4.90000,   14.33707,   10.33355,    0.13249,   14.13768,    2.20395,    8.26607,    3.93417,   14.24640,   10.27142 
   4.91000,   14.26519,   10.39536,    0.12445,   14.23692,    2.28452,    8.24284,    3.96490,   14.28247,   10.26972 
   4.92000,   14.16854,   10.44567,    0.09253,   14.34842,    2.34137,    8.23414,    4.01670,   14.31360,   10.26608 
   4.93000,   14.06690,   10.46939,    0.05145,   14.44383,    2.35966,    8.23252,    4.08520,   14.33267,   10.26787 
   4.94000,   13.98388,   10.45649,    0.01623,   14.49709,    2.32774,    8.22764,    4.16073,   14.33385,   10.28332 
   4.95000,   13.93503,   10.40824,   -0.00505,   14.50076,    2.24633,    8.20871,    4.22702,   14.31578,   10.31645 
   4.96000,   13.92323,   10.33629,   -0.01443,   14.46956,    2.13217,    8.16974,    4.26580,   14.28374,   10.35992 
   4.97000,   13.94315,   10.25799,   -0.02069,   14.42177,    2.00415,    8.11395,    4.26435,   14.24909,   10.39461 
   4.98000,   13.99081,   10.19029,   -0.03254,   14.37373,    1.87976,    8.05266,    4.22242,   14.22183,   10.40604 
   4.99000,   14.06527,   10.14463,   -0.05409,   14.34049,    1.77654,    7.99989,    4.15220,   14.20551,   10.39422 
   5.00000,   14.15803,   10.12403,   -0.07905,   14.33322,    1.70968,    7.97048,    4.06979,   14.19797,   10.36797 
