   0.01000,   16.36909,  -12.96009,    0.37967,  -12.58041,  734.32087, 1664.84945,    1.00000,    1.00000 
   0.02000,   16.36909,  -12.97669,    0.39466,  -12.58203,  763.30358,  939.78551,    1.00000,    1.00000 
   0.03000,   16.36909,  -12.99759,    0.41462,  -12.58297,  801.90744, -323.65411,    1.00000,    1.00000 
   0.04000,   16.36909,  -13.00640,    0.42354,  -12.58286,  819.16877, -1001.77579,    1.00000,    1.00000 
   0.05000,   16.36909,  -13.00170,    0.41944,  -12.58226,  811.24247, -853.06835,    1.00000,    1.00000 
   0.06000,   16.36909,  -12.99201,    0.41054,  -12.58147,  794.02413, -635.62819,    1.00000,    1.00000 
   0.07000,   16.36909,  -12.98856,    0.40651,  -12.58205,  786.22763, -920.37116,    1.00000,    1.00000 
   0.08000,   16.36909,  -12.98730,    0.40454,  -12.58277,  782.40880, -927.41115,    1.00000,    1.00000 
   0.09000,   16.36909,  -12.98055,    0.39763,  -12.58292,  769.04167, -166.77140,    1.00000,    1.00000 
   0.10000,   16.36909,  -12.96962,    0.38783,  -12.58179,  750.10079,  826.00715,    1.00000,    1.00000 
   0.11000,   16.36909,  -12.96957,    0.38818,  -12.58140,  750.77278, 1004.79866,    1.00000,    1.00000 
   0.12000,   16.36909,  -12.98252,    0.39975,  -12.58278,  773.14187, -119.65174,    1.00000,    1.00000 
   0.13000,   16.36909,  -12.98998,    0.40707,  -12.58292,  787.30479, -854.28023,    1.00000,    1.00000 
   0.14000,   16.36909,  -12.98462,    0.40167,  -12.58295,  776.85983, -443.21361,    1.00000,    1.00000 
   0.15000,   16.36909,  -12.96784,    0.38605,  -12.58179,  746.65305,  573.92848,    1.00000,    1.00000 
   0.16000,   16.36909,  -12.96039,    0.37997,  -12.58041,  734.90311, 1164.32871,    1.00000,    1.00000 
   0.17000,   16.36909,  -12.98144,    0.39923,  -12.58221,  772.14601,  146.81906,    1.00000,    1.00000 
   0.18000,   16.36909,  -13.00534,    0.42097,  -12.58436,  814.19534, -846.57740,    1.00000,    1.00000 
   0.19000,   16.36909,  -13.00045,    0.41703,  -12.58342,  806.56880, -382.41374,    1.00000,    1.00000 
   0.20000,   16.36909,  -12.97748,    0.39572,  -12.58176,  765.35309, 1036.15162,    1.00000,    1.00000 
   0.21000,   16.36909,  -12.96511,    0.38409,  -12.58103,  742.85491, 1477.99130,    1.00000,    1.00000 
   0.22000,   16.36909,  -12.97764,    0.39562,  -12.58202,  765.16884,  415.30733,    1.00000,    1.00000 
   0.23000,   16.36909,  -13.00070,    0.41772,  -12.58298,  807.90084, -1300.60400,    1.00000,    1.00000 
   0.24000,   16.36909,  -13.01433,    0.43022,  -12.58411,  832.08431, -2440.51371,    1.00000,    1.00000 
   0.25000,   16.36909,  -13.00390,    0.42104,  -12.58286,  814.32866, -2271.45265,    1.00000,    1.00000 
   0.26000,   16.36909,  -12.98577,    0.40417,  -12.58160,  781.69722, -1138.83630,    1.00000,    1.00000 
   0.27000,   16.36909,  -12.98182,    0.39968,  -12.58214,  773.01847, -617.95101,    1.00000,    1.00000 
   0.28000,   16.36909,  -12.98533,    0.40243,  -12.58290,  778.34126, -419.75288,    1.00000,    1.00000 
   0.29000,   16.36909,  -12.98591,    0.40376,  -12.58214,  780.91592,  -36.51213,    1.00000,    1.00000 
   0.30000,   16.36909,  -12.98888,    0.40634,  -12.58254,  785.90042, -510.34889,    1.00000,    1.00000 
   0.31000,   16.36909,  -12.99027,    0.40825,  -12.58202,  789.58200, -1339.16589,    1.00000,    1.00000 
   0.32000,   16.36909,  -12.99254,    0.41013,  -12.58241,  793.22952, -1279.58595,    1.00000,    1.00000 
   0.33000,   16.36909,  -12.99010,    0.40746,  -12.58264,  788.05916, -670.61249,    1.00000,    1.00000 
   0.34000,   16.36909,  -12.98121,    0.39984,  -12.58136,  773.33309,  -54.47173,    1.00000,    1.00000 
   0.35000,   16.36909,  -12.98006,    0.39781,  -12.58225,  769.40215,   25.31780,    1.00000,    1.00000 
   0.36000,   16.36909,  -12.97896,    0.39614,  -12.58282,  766.16218,  111.80149,    1.00000,    1.00000 
   0.37000,   16.36909,  -12.96866,    0.38655,  -12.58211,  747.62519,  620.05203,    1.00000,    1.00000 
   0.38000,   16.36909,  -12.95734,    0.37588,  -12.58145,  726.99080, 1411.71772,    1.00000,    1.00000 
   0.39000,   16.36909,  -12.95633,    0.37532,  -12.58101,  725.90519, 1881.72919,    1.00000,    1.00000 
   0.40000,   16.36909,  -12.96937,    0.38711,  -12.58226,  748.70112, 1391.62081,    1.00000,    1.00000 
   0.41000,   16.36909,  -12.98054,    0.39807,  -12.58247,  769.90140,  707.11565,    1.00000,    1.00000 
   0.42000,   16.36909,  -12.98458,    0.40219,  -12.58239,  777.87010,  609.12353,    1.00000,    1.00000 
   0.43000,   16.36909,  -12.98410,    0.40195,  -12.58215,  777.40777, 1005.20952,    1.00000,    1.00000 
   0.44000,   16.36909,  -12.98614,    0.40424,  -12.58190,  781.83330, 1024.72103,    1.00000,    1.00000 
   0.45000,   16.36909,  -12.99270,    0.40968,  -12.58303,  792.34822,  324.87217,    1.00000,    1.00000 
   0.46000,   16.36909,  -12.99368,    0.41168,  -12.58200,  796.22349, -287.40352,    1.00000,    1.00000 
   0.47000,   16.36909,  -13.00054,    0.41860,  -12.58194,  809.60876, -1221.81761,    1.00000,    1.00000 
   0.48000,   16.36909,  -13.01112,    0.42748,  -12.58364,  826.77793, -1944.74732,    1.00000,    1.00000 
   0.49000,   16.36909,  -13.00249,    0.41881,  -12.58367,  810.02418, -1348.65551,    1.00000,    1.00000 
   0.50000,   16.36909,  -12.97467,    0.39279,  -12.58187,  759.69265,  456.95774,    1.00000,    1.00000 
   0.51000,   16.36909,  -12.95586,    0.37589,  -12.57996,  727.01136, 1713.07190,    1.00000,    1.00000 
   0.52000,   16.36909,  -12.97212,    0.39094,  -12.58118,  756.11504,  636.81354,    1.00000,    1.00000 
   0.53000,   16.36909,  -13.00308,    0.41926,  -12.58383,  810.87668, -1678.67729,    1.00000,    1.00000 
   0.54000,   16.36909,  -13.00885,    0.42489,  -12.58396,  821.76754, -2263.02146,    1.00000,    1.00000 
   0.55000,   16.36909,  -12.98449,    0.40212,  -12.58237,  777.73503, -346.25056,    1.00000,    1.00000 
   0.56000,   16.36909,  -12.95607,    0.37498,  -12.58109,  725.24595, 1979.45268,    1.00000,    1.00000 
   0.57000,   16.36909,  -12.94930,    0.36934,  -12.57996,  714.33857, 2484.06571,    1.00000,    1.00000 
   0.58000,   16.36909,  -12.97431,    0.39109,  -12.58322,  756.40533,  987.79660,    1.00000,    1.00000 
   0.59000,   16.36909,  -12.98845,    0.40398,  -12.58447,  781.33798,  192.76880,    1.00000,    1.00000 
   0.60000,   16.36909,  -12.97525,    0.39411,  -12.58114,  762.23568,  500.40473,    1.00000,    1.00000 
   0.61000,   16.36909,  -12.97818,    0.39713,  -12.58105,  768.08997,  190.42165,    1.00000,    1.00000 
   0.62000,   16.36909,  -13.00127,    0.41769,  -12.58358,  807.85432, -879.68447,    1.00000,    1.00000 
   0.63000,   16.36909,  -13.00850,    0.42450,  -12.58400,  821.02839, -838.56087,    1.00000,    1.00000 
   0.64000,   16.36909,  -12.99032,    0.40792,  -12.58240,  788.95550,  588.50154,    1.00000,    1.00000 
   0.65000,   16.36909,  -12.96939,    0.38877,  -12.58062,  751.91375, 2224.17715,    1.00000,    1.00000 
   0.66000,   16.36909,  -12.96912,    0.38756,  -12.58156,  749.58381, 2742.23227,    1.00000,    1.00000 
   0.67000,   16.36909,  -12.97954,    0.39747,  -12.58207,  768.73443, 1801.78479,    1.00000,    1.00000 
   0.68000,   16.36909,  -12.99039,    0.40795,  -12.58244,  789.01666,  849.68081,    1.00000,    1.00000 
   0.69000,   16.36909,  -12.99397,    0.41092,  -12.58305,  794.75003,  314.11794,    1.00000,    1.00000 
   0.70000,   16.36909,  -12.98169,    0.39916,  -12.58253,  772.00377,  771.16024,    1.00000,    1.00000 
   0.71000,   16.36909,  -12.96461,    0.38336,  -12.58125,  741.45480, 1660.22256,    1.00000,    1.00000 
   0.72000,   16.36909,  -12.96254,    0.38124,  -12.58130,  737.34424, 1396.97697,    1.00000,    1.00000 
   0.73000,   16.36909,  -12.97451,    0.39188,  -12.58262,  757.93377,  429.22716,    1.00000,    1.00000 
   0.74000,   16.36909,  -12.98309,    0.40028,  -12.58281,  774.16708, -112.15380,    1.00000,    1.00000 
   0.75000,   16.36909,  -12.98382,    0.40146,  -12.58236,  776.45987,   29.91244,    1.00000,    1.00000 
   0.76000,   16.36909,  -12.98338,    0.40134,  -12.58204,  776.22668, -153.58667,    1.00000,    1.00000 
   0.77000,   16.36909,  -12.98695,    0.40514,  -12.58181,  783.56695, -381.77621,    1.00000,    1.00000 
   0.78000,   16.36909,  -12.99448,    0.41123,  -12.58325,  795.35600, -925.09046,    1.00000,    1.00000 
   0.79000,   16.36909,  -12.99092,    0.40827,  -12.58265,  789.62611, -966.24743,    1.00000,    1.00000 
   0.80000,   16.36909,  -12.98524,    0.40320,  -12.58203,  779.83127, -509.29983,    1.00000,    1.00000 
   0.81000,   16.36909,  -12.98719,    0.40345,  -12.58374,  780.30170, -400.90484,    1.00000,    1.00000 
   0.82000,   16.36909,  -12.98064,    0.39801,  -12.58263,  769.77887,  -49.58367,    1.00000,    1.00000 
   0.83000,   16.36909,  -12.97853,    0.39672,  -12.58181,  767.28559,  422.77366,    1.00000,    1.00000 
   0.84000,   16.36909,  -12.99154,    0.40787,  -12.58367,  788.85248,  -62.72127,    1.00000,    1.00000 
   0.85000,   16.36909,  -12.99578,    0.41186,  -12.58392,  796.57785, -649.99203,    1.00000,    1.00000 
   0.86000,   16.36909,  -12.98679,    0.40457,  -12.58222,  782.47491, -437.92463,    1.00000,    1.00000 
   0.87000,   16.36909,  -12.98632,    0.40404,  -12.58228,  781.45210, -310.65552,    1.00000,    1.00000 
   0.88000,   16.36909,  -12.99610,    0.41323,  -12.58286,  799.23042, -574.17837,    1.00000,    1.00000 
   0.89000,   16.36909,  -13.00723,    0.42390,  -12.58333,  819.85452, -1495.26890,    1.00000,    1.00000 
   0.90000,   16.36909,  -13.00847,    0.42489,  -12.58358,  821.77393, -1596.93580,    1.00000,    1.00000 
   0.91000,   16.36909,  -12.99564,    0.41325,  -12.58238,  799.27030, -852.54911,    1.00000,    1.00000 
   0.92000,   16.36909,  -12.98367,    0.40177,  -12.58190,  777.05678, -336.26789,    1.00000,    1.00000 
   0.93000,   16.36909,  -12.98034,    0.39807,  -12.58227,  769.90252,  419.64498,    1.00000,    1.00000 
   0.94000,   16.36909,  -12.97911,    0.39635,  -12.58277,  766.56812, 1118.12965,    1.00000,    1.00000 
   0.95000,   16.36909,  -12.97430,    0.39223,  -12.58207,  758.59882, 1619.24299,    1.00000,    1.00000 
   0.96000,   16.36909,  -12.97506,    0.39299,  -12.58208,  760.06840, 1810.98968,    1.00000,    1.00000 
   0.97000,   16.36909,  -12.98308,    0.39945,  -12.58363,  772.57118, 1014.02432,    1.00000,    1.00000 
   0.98000,   16.36909,  -12.97981,    0.39680,  -12.58301,  767.44516,  757.23257,    1.00000,    1.00000 
   0.99000,   16.36909,  -12.96988,    0.38854,  -12.58134,  751.47271,  731.62835,    1.00000,    1.00000 
   1.00000,   16.36909,  -12.97381,    0.39211,  -12.58170,  758.37204,  255.27947,    1.00000,    1.00000 
   1.01000,   16.36909,  -12.98662,    0.40334,  -12.58328,  780.09335, -555.90260,    1.00000,    1.00000 
   1.02000,   16.36909,  -12.98722,    0.40393,  -12.58329,  781.22619, -492.74773,    1.00000,    1.00000 
   1.03000,   16.36909,  -12.97727,    0.39564,  -12.58163,  765.21148,   25.19197,    1.00000,    1.00000 
   1.04000,   16.36909,  -12.97806,    0.39644,  -12.58162,  766.75681,  420.71281,    1.00000,    1.00000 
   1.05000,   16.36909,  -12.99270,    0.41074,  -12.58196,  794.40583, -380.98881,    1.00000,    1.00000 
   1.06000,   16.36909,  -13.01134,    0.42711,  -12.58424,  826.06543, -1415.47932,    1.00000,    1.00000 
   1.07000,   16.36909,  -13.00424,    0.42019,  -12.58405,  812.67485, -323.10139,    1.00000,    1.00000 
   1.08000,   16.36909,  -12.97438,    0.39313,  -12.58124,  760.34906, 2348.84435,    1.00000,    1.00000 
   1.09000,   16.36909,  -12.96184,    0.38158,  -12.58026,  738.00211, 3373.52822,    1.00000,    1.00000 
   1.10000,   16.36909,  -12.97943,    0.39709,  -12.58234,  768.00551, 2002.81676,    1.00000,    1.00000 
   1.11000,   16.36909,  -12.99671,    0.41245,  -12.58426,  797.71211,  617.86136,    1.00000,    1.00000 
   1.12000,   16.36909,  -12.98641,    0.40304,  -12.58337,  779.51132,  996.39566,    1.00000,    1.00000 
   1.13000,   16.36909,  -12.96495,    0.38466,  -12.58029,  743.97273, 2217.60990,    1.00000,    1.00000 
   1.14000,   16.36909,  -12.97350,    0.39244,  -12.58106,  759.02092, 1801.94196,    1.00000,    1.00000 
   1.15000,   16.36909,  -12.99920,    0.41470,  -12.58450,  802.07047,  319.54737,    1.00000,    1.00000 
   1.16000,   16.36909,  -12.99595,    0.41233,  -12.58362,  797.48374,  349.27532,    1.00000,    1.00000 
   1.17000,   16.36909,  -12.97338,    0.39284,  -12.58055,  759.78262, 1349.00791,    1.00000,    1.00000 
   1.18000,   16.36909,  -12.97514,    0.39407,  -12.58107,  762.16337,  894.18371,    1.00000,    1.00000 
   1.19000,   16.36909,  -12.99505,    0.41116,  -12.58389,  795.21862, -399.78493,    1.00000,    1.00000 
   1.20000,   16.36909,  -12.99527,    0.41226,  -12.58302,  797.34021, -341.25513,    1.00000,    1.00000 
   1.21000,   16.36909,  -12.98438,    0.40279,  -12.58159,  779.02845,  120.14344,    1.00000,    1.00000 
   1.22000,   16.36909,  -12.98404,    0.40182,  -12.58222,  777.14986, -260.16422,    1.00000,    1.00000 
   1.23000,   16.36909,  -12.98881,    0.40572,  -12.58309,  784.69057, -834.11474,    1.00000,    1.00000 
   1.24000,   16.36909,  -12.98462,    0.40130,  -12.58332,  776.15473, -768.19106,    1.00000,    1.00000 
   1.25000,   16.36909,  -12.97005,    0.38847,  -12.58158,  751.33937,  -53.73219,    1.00000,    1.00000 
   1.26000,   16.36909,  -12.96739,    0.38588,  -12.58151,  746.31665,  393.15980,    1.00000,    1.00000 
   1.27000,   16.36909,  -12.97922,    0.39682,  -12.58240,  767.47855,  128.92997,    1.00000,    1.00000 
   1.28000,   16.36909,  -12.99157,    0.40861,  -12.58295,  790.29172, -811.35906,    1.00000,    1.00000 
   1.29000,   16.36909,  -12.99597,    0.41365,  -12.58232,  800.03089, -1480.50218,    1.00000,    1.00000 
   1.30000,   16.36909,  -13.00035,    0.41826,  -12.58209,  808.95432, -1630.36124,    1.00000,    1.00000 
   1.31000,   16.36909,  -13.00366,    0.41937,  -12.58429,  811.09907, -1224.40143,    1.00000,    1.00000 
   1.32000,   16.36909,  -12.98350,    0.40063,  -12.58287,  774.85345, -121.20856,    1.00000,    1.00000 
   1.33000,   16.36909,  -12.96326,    0.38271,  -12.58055,  740.19586,  697.97446,    1.00000,    1.00000 
   1.34000,   16.36909,  -12.97350,    0.39116,  -12.58235,  756.53338,  172.36140,    1.00000,    1.00000 
   1.35000,   16.36909,  -12.99458,    0.41186,  -12.58273,  796.56513, -848.33439,    1.00000,    1.00000 
   1.36000,   16.36909,  -13.01274,    0.42915,  -12.58358,  830.01953, -1872.13184,    1.00000,    1.00000 
   1.37000,   16.36909,  -13.01385,    0.43083,  -12.58302,  833.27019, -1992.32043,    1.00000,    1.00000 
   1.38000,   16.36909,  -13.00106,    0.41826,  -12.58280,  808.94456, -819.36790,    1.00000,    1.00000 
   1.39000,   16.36909,  -12.98065,    0.39890,  -12.58175,  771.50729,  547.35208,    1.00000,    1.00000 
   1.40000,   16.36909,  -12.96698,    0.38554,  -12.58145,  745.66394, 1228.97922,    1.00000,    1.00000 
   1.41000,   16.36909,  -12.96586,    0.38353,  -12.58234,  741.77351, 1038.27564,    1.00000,    1.00000 
   1.42000,   16.36909,  -12.96697,    0.38434,  -12.58263,  743.33763, 1105.05850,    1.00000,    1.00000 
   1.43000,   16.36909,  -12.96387,    0.38194,  -12.58193,  738.70736, 1546.81996,    1.00000,    1.00000 
   1.44000,   16.36909,  -12.96312,    0.38165,  -12.58147,  738.14472, 1572.94417,    1.00000,    1.00000 
   1.45000,   16.36909,  -12.96952,    0.38805,  -12.58146,  750.53186, 1183.78284,    1.00000,    1.00000 
   1.46000,   16.36909,  -12.98196,    0.40051,  -12.58146,  774.61625, -178.73239,    1.00000,    1.00000 
   1.47000,   16.36909,  -12.99728,    0.41486,  -12.58242,  802.37889, -1717.03599,    1.00000,    1.00000 
   1.48000,   16.36909,  -13.00050,    0.41727,  -12.58323,  807.03974, -1395.81727,    1.00000,    1.00000 
   1.49000,   16.36909,  -12.98309,    0.40126,  -12.58182,  776.07768,  434.71748,    1.00000,    1.00000 
   1.50000,   16.36909,  -12.96681,    0.38680,  -12.58001,  748.11029, 1410.61137,    1.00000,    1.00000 
   1.51000,   16.36909,  -12.97694,    0.39552,  -12.58142,  764.97615,  487.15550,    1.00000,    1.00000 
   1.52000,   16.36909,  -12.99669,    0.41365,  -12.58304,  800.04403, -1221.77521,    1.00000,    1.00000 
   1.53000,   16.36909,  -13.00423,    0.42204,  -12.58219,  816.26778, -1866.24370,    1.00000,    1.00000 
   1.54000,   16.36909,  -13.00586,    0.42324,  -12.58262,  818.58288, -1491.99858,    1.00000,    1.00000 
   1.55000,   16.36909,  -12.99872,    0.41614,  -12.58258,  804.84136, -666.66243,    1.00000,    1.00000 
   1.56000,   16.36909,  -12.98362,    0.40118,  -12.58244,  775.91189,  603.73673,    1.00000,    1.00000 
   1.57000,   16.36909,  -12.96663,    0.38558,  -12.58106,  745.73979, 1641.14808,    1.00000,    1.00000 
   1.58000,   16.36909,  -12.96533,    0.38406,  -12.58127,  742.81051, 1590.24848,    1.00000,    1.00000 
   1.59000,   16.36909,  -12.97611,    0.39315,  -12.58296,  760.39443, 1000.78316,    1.00000,    1.00000 
   1.60000,   16.36909,  -12.97583,    0.39387,  -12.58196,  761.77953,  766.57373,    1.00000,    1.00000 
   1.61000,   16.36909,  -12.97755,    0.39651,  -12.58104,  766.88242,  315.75942,    1.00000,    1.00000 
   1.62000,   16.36909,  -12.99208,    0.40918,  -12.58290,  791.39622, -490.72951,    1.00000,    1.00000 
   1.63000,   16.36909,  -12.99727,    0.41438,  -12.58290,  801.44176, -1254.87499,    1.00000,    1.00000 
   1.64000,   16.36909,  -12.98838,    0.40553,  -12.58285,  784.33061, -749.81418,    1.00000,    1.00000 
   1.65000,   16.36909,  -12.97159,    0.39019,  -12.58140,  754.66361,  572.03828,    1.00000,    1.00000 
   1.66000,   16.36909,  -12.96737,    0.38583,  -12.58154,  746.23177, 1169.32787,    1.00000,    1.00000 
   1.67000,   16.36909,  -12.97521,    0.39254,  -12.58267,  759.20185, 1048.28723,    1.00000,    1.00000 
   1.68000,   16.36909,  -12.97971,    0.39747,  -12.58223,  768.74374,  389.52114,    1.00000,    1.00000 
   1.69000,   16.36909,  -12.98294,    0.40096,  -12.58199,  775.48430,    6.40657,    1.00000,    1.00000 
   1.70000,   16.36909,  -12.98707,    0.40458,  -12.58249,  782.49978, -261.99016,    1.00000,    1.00000 
   1.71000,   16.36909,  -12.98677,    0.40427,  -12.58250,  781.88667, -555.28673,    1.00000,    1.00000 
   1.72000,   16.36909,  -12.97989,    0.39784,  -12.58205,  769.45220, -161.78729,    1.00000,    1.00000 
   1.73000,   16.36909,  -12.97396,    0.39256,  -12.58140,  759.25146,  523.87307,    1.00000,    1.00000 
   1.74000,   16.36909,  -12.97672,    0.39434,  -12.58238,  762.68361,  519.95157,    1.00000,    1.00000 
   1.75000,   16.36909,  -12.97838,    0.39595,  -12.58243,  765.80203,  277.07599,    1.00000,    1.00000 
   1.76000,   16.36909,  -12.97958,    0.39825,  -12.58133,  770.25338,  187.13933,    1.00000,    1.00000 
   1.77000,   16.36909,  -12.99509,    0.41325,  -12.58184,  799.26038, -551.95141,    1.00000,    1.00000 
   1.78000,   16.36909,  -13.01426,    0.43026,  -12.58400,  832.16872, -1341.08207,    1.00000,    1.00000 
   1.79000,   16.36909,  -13.00490,    0.42124,  -12.58366,  814.71520, -252.72599,    1.00000,    1.00000 
   1.80000,   16.36909,  -12.97330,    0.39269,  -12.58061,  759.50064, 1374.13910,    1.00000,    1.00000 
   1.81000,   16.36909,  -12.96255,    0.38234,  -12.58021,  739.47830, 1780.18685,    1.00000,    1.00000 
   1.82000,   16.36909,  -12.97995,    0.39768,  -12.58227,  769.15451,  646.37831,    1.00000,    1.00000 
   1.83000,   16.36909,  -12.99813,    0.41516,  -12.58296,  802.96088, -773.72298,    1.00000,    1.00000 
   1.84000,   16.36909,  -13.00258,    0.41977,  -12.58281,  811.87433, -1670.69178,    1.00000,    1.00000 
   1.85000,   16.36909,  -12.99359,    0.41147,  -12.58212,  795.81387, -1396.53824,    1.00000,    1.00000 
   1.86000,   16.36909,  -12.98382,    0.40293,  -12.58089,  779.29938, -1031.47242,    1.00000,    1.00000 
   1.87000,   16.36909,  -12.98647,    0.40388,  -12.58259,  781.14286, -1095.39175,    1.00000,    1.00000 
   1.88000,   16.36909,  -12.98131,    0.39797,  -12.58334,  769.71787, -401.16440,    1.00000,    1.00000 
   1.89000,   16.36909,  -12.95967,    0.37850,  -12.58117,  732.04441, 1703.39946,    1.00000,    1.00000 
   1.90000,   16.36909,  -12.95007,    0.36984,  -12.58023,  715.31127, 3004.31110,    1.00000,    1.00000 
   1.91000,   16.36909,  -12.96527,    0.38351,  -12.58176,  741.73382, 2325.78596,    1.00000,    1.00000 
   1.92000,   16.36909,  -12.98391,    0.40096,  -12.58295,  775.49395, 1055.29119,    1.00000,    1.00000 
   1.93000,   16.36909,  -12.98633,    0.40396,  -12.58236,  781.29756,  320.86703,    1.00000,    1.00000 
   1.94000,   16.36909,  -12.98010,    0.39904,  -12.58107,  771.76856,  138.32120,    1.00000,    1.00000 
   1.95000,   16.36909,  -12.98477,    0.40345,  -12.58132,  780.29942,   21.86902,    1.00000,    1.00000 
   1.96000,   16.36909,  -12.99764,    0.41481,  -12.58283,  802.27969,  -85.75262,    1.00000,    1.00000 
   1.97000,   16.36909,  -12.99752,    0.41475,  -12.58277,  802.15620,  166.44772,    1.00000,    1.00000 
   1.98000,   16.36909,  -12.98469,    0.40346,  -12.58122,  780.32990,  978.77489,    1.00000,    1.00000 
   1.99000,   16.36909,  -12.97726,    0.39595,  -12.58131,  765.80235, 1211.02650,    1.00000,    1.00000 
   2.00000,   16.36909,  -12.97533,    0.39353,  -12.58181,  761.11381,  626.57734,    1.00000,    1.00000 
   2.01000,   16.36909,  -12.97244,    0.39098,  -12.58145,  756.19387,  346.12244,    1.00000,    1.00000 
   2.02000,   16.36909,  -12.97235,    0.39102,  -12.58133,  756.26724,  282.98138,    1.00000,    1.00000 
   2.03000,   16.36909,  -12.97906,    0.39763,  -12.58142,  769.05742,  -51.43778,    1.00000,    1.00000 
   2.04000,   16.36909,  -12.99005,    0.40741,  -12.58264,  787.96446, -787.28196,    1.00000,    1.00000 
   2.05000,   16.36909,  -12.99040,    0.40817,  -12.58223,  789.43148, -665.27900,    1.00000,    1.00000 
   2.06000,   16.36909,  -12.98483,    0.40352,  -12.58130,  780.45087,  201.58548,    1.00000,    1.00000 
   2.07000,   16.36909,  -12.98670,    0.40489,  -12.58181,  783.09925,  695.81455,    1.00000,    1.00000 
   2.08000,   16.36909,  -12.99099,    0.40839,  -12.58261,  789.85742,  490.15684,    1.00000,    1.00000 
   2.09000,   16.36909,  -12.98809,    0.40556,  -12.58253,  784.39747,  -89.22436,    1.00000,    1.00000 
   2.10000,   16.36909,  -12.97903,    0.39717,  -12.58186,  768.16172, -483.66723,    1.00000,    1.00000 
   2.11000,   16.36909,  -12.97366,    0.39275,  -12.58091,  759.61387, -1145.35770,    1.00000,    1.00000 
   2.12000,   16.36909,  -12.98317,    0.40139,  -12.58178,  776.32452, -1643.53988,    1.00000,    1.00000 
   2.13000,   16.36909,  -12.99689,    0.41356,  -12.58332,  799.86242, -1430.69090,    1.00000,    1.00000 
   2.14000,   16.36909,  -12.99406,    0.41086,  -12.58321,  794.62955, -789.21347,    1.00000,    1.00000 
   2.15000,   16.36909,  -12.97742,    0.39546,  -12.58196,  764.85324,  344.86503,    1.00000,    1.00000 
   2.16000,   16.36909,  -12.96376,    0.38151,  -12.58225,  737.86582, 1391.13666,    1.00000,    1.00000 
   2.17000,   16.36909,  -12.95580,    0.37477,  -12.58103,  724.83684, 2130.51041,    1.00000,    1.00000 
   2.18000,   16.36909,  -12.96844,    0.38747,  -12.58097,  749.40464, 1240.80866,    1.00000,    1.00000 
   2.19000,   16.36909,  -12.99975,    0.41712,  -12.58263,  806.74860, -1224.89973,    1.00000,    1.00000 
   2.20000,   16.36909,  -13.02418,    0.44105,  -12.58312,  853.03588, -3283.26930,    1.00000,    1.00000 
   2.21000,   16.36909,  -13.03034,    0.44714,  -12.58321,  864.80588, -3576.87388,    1.00000,    1.00000 
   2.22000,   16.36909,  -13.01688,    0.43399,  -12.58289,  839.37014, -2740.05235,    1.00000,    1.00000 
   2.23000,   16.36909,  -12.98955,    0.40701,  -12.58254,  787.18806, -1012.52701,    1.00000,    1.00000 
   2.24000,   16.36909,  -12.95812,    0.37737,  -12.58076,  729.85865, 1252.12807,    1.00000,    1.00000 
   2.25000,   16.36909,  -12.94934,    0.36920,  -12.58014,  714.05633, 1928.69749,    1.00000,    1.00000 
   2.26000,   16.36909,  -12.96702,    0.38427,  -12.58275,  743.21423,  786.71570,    1.00000,    1.00000 
   2.27000,   16.36909,  -12.97557,    0.39285,  -12.58272,  759.80605,   87.94543,    1.00000,    1.00000 
   2.28000,   16.36909,  -12.97243,    0.39146,  -12.58098,  757.11047,   43.37273,    1.00000,    1.00000 
   2.29000,   16.36909,  -12.97983,    0.39810,  -12.58173,  769.95931, -555.22107,    1.00000,    1.00000 
   2.30000,   16.36909,  -12.98945,    0.40703,  -12.58241,  787.23911, -697.49421,    1.00000,    1.00000 
   2.31000,   16.36909,  -12.98967,    0.40800,  -12.58167,  789.10218, -396.52764,    1.00000,    1.00000 
   2.32000,   16.36909,  -12.98899,    0.40735,  -12.58164,  787.85893,  163.03635,    1.00000,    1.00000 
   2.33000,   16.36909,  -12.98858,    0.40638,  -12.58220,  785.97904,  365.50446,    1.00000,    1.00000 
   2.34000,   16.36909,  -12.98285,    0.40117,  -12.58167,  775.90399,  508.43832,    1.00000,    1.00000 
   2.35000,   16.36909,  -12.97572,    0.39412,  -12.58161,  762.25406, 1062.46758,    1.00000,    1.00000 
   2.36000,   16.36909,  -12.97014,    0.38912,  -12.58102,  752.58912, 1118.95820,    1.00000,    1.00000 
   2.37000,   16.36909,  -12.97323,    0.39176,  -12.58147,  757.69426, 1019.10071,    1.00000,    1.00000 
   2.38000,   16.36909,  -12.98170,    0.40032,  -12.58138,  774.24554,  525.37509,    1.00000,    1.00000 
   2.39000,   16.36909,  -12.99337,    0.41158,  -12.58179,  796.02662, -295.95582,    1.00000,    1.00000 
   2.40000,   16.36909,  -13.00067,    0.41786,  -12.58281,  808.17703, -673.00643,    1.00000,    1.00000 
   2.41000,   16.36909,  -12.98902,    0.40684,  -12.58218,  786.86337,  583.35187,    1.00000,    1.00000 
   2.42000,   16.36909,  -12.96766,    0.38697,  -12.58069,  748.44115, 2028.53203,    1.00000,    1.00000 
   2.43000,   16.36909,  -12.95932,    0.37890,  -12.58042,  732.82216, 2458.96454,    1.00000,    1.00000 
   2.44000,   16.36909,  -12.96805,    0.38645,  -12.58160,  747.43598, 1833.00897,    1.00000,    1.00000 
   2.45000,   16.36909,  -12.97861,    0.39687,  -12.58173,  767.58698,  724.54928,    1.00000,    1.00000 
   2.46000,   16.36909,  -12.98444,    0.40223,  -12.58221,  777.94501,  144.31913,    1.00000,    1.00000 
   2.47000,   16.36909,  -12.98087,    0.39942,  -12.58145,  772.51588,  602.18864,    1.00000,    1.00000 
   2.48000,   16.36909,  -12.97750,    0.39656,  -12.58094,  766.98165,  997.44274,    1.00000,    1.00000 
   2.49000,   16.36909,  -12.98060,    0.39887,  -12.58173,  771.45823,  968.76823,    1.00000,    1.00000 
   2.50000,   16.36909,  -12.97962,    0.39802,  -12.58159,  769.81474,  896.96501,    1.00000,    1.00000 
   2.51000,   16.36909,  -12.97618,    0.39528,  -12.58090,  764.49725,  897.42391,    1.00000,    1.00000 
   2.52000,   16.36909,  -12.98028,    0.39882,  -12.58146,  771.35303,  878.60287,    1.00000,    1.00000 
   2.53000,   16.36909,  -12.98440,    0.40223,  -12.58217,  777.94786,  528.92309,    1.00000,    1.00000 
   2.54000,   16.36909,  -12.98113,    0.40020,  -12.58093,  774.02186,  609.67104,    1.00000,    1.00000 
   2.55000,   16.36909,  -12.98489,    0.40349,  -12.58140,  780.38450,  644.81780,    1.00000,    1.00000 
   2.56000,   16.36909,  -12.98778,    0.40461,  -12.58317,  782.54282,  211.90131,    1.00000,    1.00000 
   2.57000,   16.36909,  -12.97030,    0.38888,  -12.58142,  752.12575,  726.41486,    1.00000,    1.00000 
   2.58000,   16.36909,  -12.95790,    0.37786,  -12.58004,  730.81595,  672.75309,    1.00000,    1.00000 
   2.59000,   16.36909,  -12.97292,    0.39161,  -12.58131,  757.40580, -926.99766,    1.00000,    1.00000 
   2.60000,   16.36909,  -12.99598,    0.41293,  -12.58305,  798.64848, -2284.23476,    1.00000,    1.00000 
   2.61000,   16.36909,  -13.00155,    0.41927,  -12.58228,  810.89764, -2018.00686,    1.00000,    1.00000 
   2.62000,   16.36909,  -12.99753,    0.41567,  -12.58186,  803.94550, -1029.17736,    1.00000,    1.00000 
   2.63000,   16.36909,  -12.98987,    0.40722,  -12.58266,  787.59073,  394.17608,    1.00000,    1.00000 
   2.64000,   16.36909,  -12.97309,    0.39182,  -12.58127,  757.81823, 1886.51972,    1.00000,    1.00000 
   2.65000,   16.36909,  -12.96584,    0.38521,  -12.58063,  745.02869, 2459.06103,    1.00000,    1.00000 
   2.66000,   16.36909,  -12.97667,    0.39460,  -12.58207,  763.19101, 1447.32843,    1.00000,    1.00000 
   2.67000,   16.36909,  -12.98560,    0.40267,  -12.58294,  778.79440,  210.56450,    1.00000,    1.00000 
   2.68000,   16.36909,  -12.98123,    0.39943,  -12.58179,  772.54136, -117.32865,    1.00000,    1.00000 
   2.69000,   16.36909,  -12.98021,    0.39914,  -12.58107,  771.98098, -320.25144,    1.00000,    1.00000 
   2.70000,   16.36909,  -12.98866,    0.40552,  -12.58314,  784.30249, -825.90454,    1.00000,    1.00000 
   2.71000,   16.36909,  -12.98385,    0.40157,  -12.58228,  776.67131, -178.88011,    1.00000,    1.00000 
   2.72000,   16.36909,  -12.97505,    0.39432,  -12.58074,  762.64234,   17.67211,    1.00000,    1.00000 
   2.73000,   16.36909,  -12.98152,    0.40005,  -12.58147,  773.72434, -894.11855,    1.00000,    1.00000 
   2.74000,   16.36909,  -12.99556,    0.41290,  -12.58266,  798.58443, -1667.14270,    1.00000,    1.00000 
   2.75000,   16.36909,  -12.99901,    0.41565,  -12.58336,  803.90852, -1186.17028,    1.00000,    1.00000 
   2.76000,   16.36909,  -12.98584,    0.40334,  -12.58250,  780.09329,  165.47874,    1.00000,    1.00000 
   2.77000,   16.36909,  -12.97050,    0.38940,  -12.58110,  753.14194, 1057.00720,    1.00000,    1.00000 
   2.78000,   16.36909,  -12.97156,    0.39042,  -12.58114,  755.10537,  650.82746,    1.00000,    1.00000 
   2.79000,   16.36909,  -12.98588,    0.40253,  -12.58335,  778.52135, -541.19142,    1.00000,    1.00000 
   2.80000,   16.36909,  -12.98609,    0.40339,  -12.58270,  780.19063, -884.19033,    1.00000,    1.00000 
   2.81000,   16.36909,  -12.97856,    0.39729,  -12.58127,  768.38789, -437.23825,    1.00000,    1.00000 
   2.82000,   16.36909,  -12.98164,    0.39968,  -12.58196,  773.01149, -538.60442,    1.00000,    1.00000 
   2.83000,   16.36909,  -12.98792,    0.40542,  -12.58250,  784.11664, -914.14761,    1.00000,    1.00000 
   2.84000,   16.36909,  -12.98640,    0.40335,  -12.58305,  780.12053, -633.03022,    1.00000,    1.00000 
   2.85000,   16.36909,  -12.97145,    0.38991,  -12.58155,  754.11118,   63.16131,    1.00000,    1.00000 
   2.86000,   16.36909,  -12.96528,    0.38497,  -12.58031,  744.56278,  358.15782,    1.00000,    1.00000 
   2.87000,   16.36909,  -12.98324,    0.40121,  -12.58204,  775.96684, -687.41308,    1.00000,    1.00000 
   2.88000,   16.36909,  -13.00069,    0.41683,  -12.58386,  806.18860, -1663.01480,    1.00000,    1.00000 
   2.89000,   16.36909,  -12.99372,    0.41158,  -12.58214,  796.02929, -1623.85919,    1.00000,    1.00000 
   2.90000,   16.36909,  -12.98470,    0.40359,  -12.58111,  780.58690, -1677.63135,    1.00000,    1.00000 
   2.91000,   16.36909,  -12.98918,    0.40679,  -12.58239,  786.76831, -1726.71866,    1.00000,    1.00000 
   2.92000,   16.36909,  -12.98983,    0.40693,  -12.58290,  787.04216, -883.25352,    1.00000,    1.00000 
   2.93000,   16.36909,  -12.97984,    0.39824,  -12.58160,  770.23555,  692.37182,    1.00000,    1.00000 
   2.94000,   16.36909,  -12.97566,    0.39451,  -12.58115,  763.01727, 1636.66976,    1.00000,    1.00000 
   2.95000,   16.36909,  -12.98276,    0.40074,  -12.58202,  775.06399,  918.72935,    1.00000,    1.00000 
   2.96000,   16.36909,  -12.98668,    0.40365,  -12.58303,  780.69061,  404.83907,    1.00000,    1.00000 
   2.97000,   16.36909,  -12.97441,    0.39239,  -12.58202,  758.92180,  783.73226,    1.00000,    1.00000 
   2.98000,   16.36909,  -12.96108,    0.37960,  -12.58147,  734.18661, 1317.36909,    1.00000,    1.00000 
   2.99000,   16.36909,  -12.95910,    0.37825,  -12.58085,  731.56341, 1383.98881,    1.00000,    1.00000 
   3.00000,   16.36909,  -12.97628,    0.39533,  -12.58095,  764.60134,   18.25239,    1.00000,    1.00000 
   3.01000,   16.36909,  -13.00639,    0.42310,  -12.58329,  818.30487, -1550.54233,    1.00000,    1.00000 
   3.02000,   16.36909,  -13.01443,    0.43009,  -12.58434,  831.83711, -1776.25769,    1.00000,    1.00000 
   3.03000,   16.36909,  -12.98670,    0.40568,  -12.58103,  784.61161, -132.00669,    1.00000,    1.00000 
   3.04000,   16.36909,  -12.96729,    0.38714,  -12.58015,  748.76887, 1412.25852,    1.00000,    1.00000 
   3.05000,   16.36909,  -12.97304,    0.39139,  -12.58165,  756.97568, 1284.24112,    1.00000,    1.00000 
   3.06000,   16.36909,  -12.98402,    0.40211,  -12.58191,  777.70969,  179.31347,    1.00000,    1.00000 
   3.07000,   16.36909,  -12.99295,    0.41025,  -12.58270,  793.46593, -726.40781,    1.00000,    1.00000 
   3.08000,   16.36909,  -12.99265,    0.41040,  -12.58225,  793.74708, -917.20806,    1.00000,    1.00000 
   3.09000,   16.36909,  -12.98878,    0.40694,  -12.58184,  787.06039, -388.90623,    1.00000,    1.00000 
   3.10000,   16.36909,  -12.98742,    0.40553,  -12.58189,  784.33005, -168.33294,    1.00000,    1.00000 
   3.11000,   16.36909,  -12.98445,    0.40148,  -12.58297,  776.49618, -170.40996,    1.00000,    1.00000 
   3.12000,   16.36909,  -12.96739,    0.38576,  -12.58163,  746.08737,  677.58895,    1.00000,    1.00000 
   3.13000,   16.36909,  -12.95291,    0.37254,  -12.58037,  720.52153,  900.59029,    1.00000,    1.00000 
   3.14000,   16.36909,  -12.96007,    0.37876,  -12.58132,  732.54864,  247.69993,    1.00000,    1.00000 
   3.15000,   16.36909,  -12.97835,    0.39610,  -12.58225,  766.08261, -555.12689,    1.00000,    1.00000 
   3.16000,   16.36909,  -12.99479,    0.41275,  -12.58203,  798.30370, -1156.74789,    1.00000,    1.00000 
   3.17000,   16.36909,  -13.00818,    0.42527,  -12.58291,  822.51645, -1732.95867,    1.00000,    1.00000 
   3.18000,   16.36909,  -13.00690,    0.42411,  -12.58279,  820.26846, -1015.59769,    1.00000,    1.00000 
   3.19000,   16.36909,  -12.99206,    0.40996,  -12.58210,  792.89271,  594.35050,    1.00000,    1.00000 
   3.20000,   16.36909,  -12.97501,    0.39413,  -12.58088,  762.27372, 1848.82111,    1.00000,    1.00000 
   3.21000,   16.36909,  -12.97096,    0.39039,  -12.58056,  755.05610, 1670.11239,    1.00000,    1.00000 
   3.22000,   16.36909,  -12.98308,    0.40158,  -12.58150,  776.69418,  653.83476,    1.00000,    1.00000 
   3.23000,   16.36909,  -12.99636,    0.41403,  -12.58233,  800.77107, -519.08631,    1.00000,    1.00000 
   3.24000,   16.36909,  -12.99593,    0.41338,  -12.58255,  799.52172, -1053.33520,    1.00000,    1.00000 
   3.25000,   16.36909,  -12.97991,    0.39800,  -12.58192,  769.76152, -401.41504,    1.00000,    1.00000 
   3.26000,   16.36909,  -12.96329,    0.38301,  -12.58029,  740.76607,  638.74088,    1.00000,    1.00000 
   3.27000,   16.36909,  -12.96925,    0.38772,  -12.58153,  749.88375,  575.93386,    1.00000,    1.00000 
   3.28000,   16.36909,  -12.98311,    0.40080,  -12.58232,  775.17288, -284.45305,    1.00000,    1.00000 
   3.29000,   16.36909,  -12.98822,    0.40678,  -12.58144,  786.74836, -1002.74714,    1.00000,    1.00000 
   3.30000,   16.36909,  -12.99379,    0.41246,  -12.58132,  797.74321, -1355.49097,    1.00000,    1.00000 
   3.31000,   16.36909,  -13.00181,    0.41956,  -12.58226,  811.45706, -1785.10259,    1.00000,    1.00000 
   3.32000,   16.36909,  -13.00161,    0.41896,  -12.58265,  810.30291, -1608.05208,    1.00000,    1.00000 
   3.33000,   16.36909,  -12.98587,    0.40343,  -12.58244,  780.27024, -448.07606,    1.00000,    1.00000 
   3.34000,   16.36909,  -12.96190,    0.38112,  -12.58077,  737.12869, 1010.34320,    1.00000,    1.00000 
   3.35000,   16.36909,  -12.95238,    0.37190,  -12.58049,  719.28036, 1700.60773,    1.00000,    1.00000 
   3.36000,   16.36909,  -12.96135,    0.37931,  -12.58204,  733.61101, 1356.21527,    1.00000,    1.00000 
   3.37000,   16.36909,  -12.96899,    0.38701,  -12.58198,  748.51811,  359.73485,    1.00000,    1.00000 
   3.38000,   16.36909,  -12.97744,    0.39696,  -12.58048,  767.75929, -850.42559,    1.00000,    1.00000 
   3.39000,   16.36909,  -13.00148,    0.41886,  -12.58262,  810.11222, -1685.44751,    1.00000,    1.00000 
   3.40000,   16.36909,  -13.01590,    0.43300,  -12.58289,  837.46788, -1349.95285,    1.00000,    1.00000 
   3.41000,   16.36909,  -13.01080,    0.42853,  -12.58227,  828.82250, -655.76493,    1.00000,    1.00000 
   3.42000,   16.36909,  -12.99432,    0.41270,  -12.58162,  798.19739,  343.45969,    1.00000,    1.00000 
   3.43000,   16.36909,  -12.97916,    0.39811,  -12.58104,  769.98685, 1507.28079,    1.00000,    1.00000 
   3.44000,   16.36909,  -12.97438,    0.39309,  -12.58129,  760.26430, 1673.60728,    1.00000,    1.00000 
   3.45000,   16.36909,  -12.97520,    0.39314,  -12.58206,  760.35735, 1255.27594,    1.00000,    1.00000 
   3.46000,   16.36909,  -12.97208,    0.39034,  -12.58174,  754.95015, 1117.81241,    1.00000,    1.00000 
   3.47000,   16.36909,  -12.96991,    0.38894,  -12.58097,  752.23562,  915.68045,    1.00000,    1.00000 
   3.48000,   16.36909,  -12.97810,    0.39575,  -12.58235,  765.42176,  535.88905,    1.00000,    1.00000 
   3.49000,   16.36909,  -12.97863,    0.39556,  -12.58307,  765.04741,  628.56319,    1.00000,    1.00000 
   3.50000,   16.36909,  -12.96356,    0.38250,  -12.58106,  739.78061, 1539.50941,    1.00000,    1.00000 
   3.51000,   16.36909,  -12.96014,    0.37995,  -12.58019,  734.86441, 1575.35966,    1.00000,    1.00000 
   3.52000,   16.36909,  -12.97862,    0.39600,  -12.58262,  765.90215,  418.28271,    1.00000,    1.00000 
   3.53000,   16.36909,  -12.98675,    0.40307,  -12.58368,  779.57185,   86.34788,    1.00000,    1.00000 
   3.54000,   16.36909,  -12.97116,    0.38973,  -12.58142,  753.77451,  951.76542,    1.00000,    1.00000 
   3.55000,   16.36909,  -12.96554,    0.38521,  -12.58033,  745.03869, 1045.93341,    1.00000,    1.00000 
   3.56000,   16.36909,  -12.98837,    0.40607,  -12.58230,  785.37192, -540.84844,    1.00000,    1.00000 
   3.57000,   16.36909,  -13.01308,    0.42968,  -12.58340,  831.03055, -1925.23429,    1.00000,    1.00000 
   3.58000,   16.36909,  -13.01800,    0.43477,  -12.58323,  840.88060, -2134.95931,    1.00000,    1.00000 
   3.59000,   16.36909,  -13.00289,    0.42054,  -12.58235,  813.35847, -1201.53658,    1.00000,    1.00000 
   3.60000,   16.36909,  -12.98050,    0.39925,  -12.58125,  772.19382,   66.32233,    1.00000,    1.00000 
   3.61000,   16.36909,  -12.96861,    0.38771,  -12.58090,  749.86520,  699.02942,    1.00000,    1.00000 
   3.62000,   16.36909,  -12.97426,    0.39242,  -12.58184,  758.97332,  416.65444,    1.00000,    1.00000 
   3.63000,   16.36909,  -12.98289,    0.39976,  -12.58313,  773.17144, -350.08662,    1.00000,    1.00000 
   3.64000,   16.36909,  -12.97898,    0.39749,  -12.58149,  768.78851, -349.79197,    1.00000,    1.00000 
   3.65000,   16.36909,  -12.98409,    0.40335,  -12.58074,  780.11672, -446.35119,    1.00000,    1.00000 
   3.66000,   16.36909,  -13.00586,    0.42195,  -12.58392,  816.07963, -1439.71571,    1.00000,    1.00000 
   3.67000,   16.36909,  -13.00329,    0.41941,  -12.58387,  811.18460, -1053.64749,    1.00000,    1.00000 
   3.68000,   16.36909,  -12.97296,    0.39173,  -12.58123,  757.63590,  832.92466,    1.00000,    1.00000 
   3.69000,   16.36909,  -12.95435,    0.37444,  -12.57991,  724.19356, 2128.03830,    1.00000,    1.00000 
   3.70000,   16.36909,  -12.96658,    0.38476,  -12.58182,  744.16501, 1671.16980,    1.00000,    1.00000 
   3.71000,   16.36909,  -12.98340,    0.40053,  -12.58287,  774.65171, 1087.80505,    1.00000,    1.00000 
   3.72000,   16.36909,  -12.98911,    0.40768,  -12.58143,  788.49033,  707.64758,    1.00000,    1.00000 
   3.73000,   16.36909,  -12.99716,    0.41493,  -12.58222,  802.51843,  131.93854,    1.00000,    1.00000 
   3.74000,   16.36909,  -12.99679,    0.41366,  -12.58313,  800.06275,   61.30469,    1.00000,    1.00000 
   3.75000,   16.36909,  -12.97761,    0.39610,  -12.58151,  766.08762,  797.27591,    1.00000,    1.00000 
   3.76000,   16.36909,  -12.96243,    0.38217,  -12.58026,  739.14071, 1428.16142,    1.00000,    1.00000 
   3.77000,   16.36909,  -12.97050,    0.38936,  -12.58114,  753.05216,  856.44490,    1.00000,    1.00000 
   3.78000,   16.36909,  -12.98931,    0.40633,  -12.58298,  785.88438, -122.76428,    1.00000,    1.00000 
   3.79000,   16.36909,  -12.99474,    0.41232,  -12.58243,  797.45766, -172.01375,    1.00000,    1.00000 
   3.80000,   16.36909,  -12.99113,    0.40996,  -12.58117,  792.89108,  558.47335,    1.00000,    1.00000 
   3.81000,   16.36909,  -12.99451,    0.41345,  -12.58106,  799.65490,  371.21905,    1.00000,    1.00000 
   3.82000,   16.36909,  -13.00457,    0.42206,  -12.58251,  816.30206, -1007.18973,    1.00000,    1.00000 
   3.83000,   16.36909,  -13.00337,    0.42103,  -12.58235,  814.30035, -1515.70206,    1.00000,    1.00000 
   3.84000,   16.36909,  -12.99008,    0.40754,  -12.58254,  788.21693, -534.61668,    1.00000,    1.00000 
   3.85000,   16.36909,  -12.96521,    0.38357,  -12.58164,  741.86421, 1266.23887,    1.00000,    1.00000 
   3.86000,   16.36909,  -12.94399,    0.36480,  -12.57919,  705.55282, 2800.39409,    1.00000,    1.00000 
   3.87000,   16.36909,  -12.95547,    0.37504,  -12.58044,  725.35824, 2472.22894,    1.00000,    1.00000 
   3.88000,   16.36909,  -12.98230,    0.39931,  -12.58299,  772.29165,  927.68362,    1.00000,    1.00000 
   3.89000,   16.36909,  -12.98903,    0.40638,  -12.58265,  785.97408,  541.35639,    1.00000,    1.00000 
   3.90000,   16.36909,  -12.97839,    0.39755,  -12.58084,  768.90527,  819.20376,    1.00000,    1.00000 
   3.91000,   16.36909,  -12.97746,    0.39720,  -12.58025,  768.22867,  443.10554,    1.00000,    1.00000 
   3.92000,   16.36909,  -12.99432,    0.41216,  -12.58216,  797.15427, -170.21135,    1.00000,    1.00000 
   3.93000,   16.36909,  -13.00380,    0.42080,  -12.58300,  813.86092, -199.16087,    1.00000,    1.00000 
   3.94000,   16.36909,  -12.99199,    0.40948,  -12.58251,  791.97569, 1128.08458,    1.00000,    1.00000 
   3.95000,   16.36909,  -12.96741,    0.38671,  -12.58071,  747.92271, 2932.81895,    1.00000,    1.00000 
   3.96000,   16.36909,  -12.95581,    0.37547,  -12.58035,  726.18279, 3827.72847,    1.00000,    1.00000 
   3.97000,   16.36909,  -12.96396,    0.38275,  -12.58121,  740.27094, 3204.34416,    1.00000,    1.00000 
   3.98000,   16.36909,  -12.97974,    0.39834,  -12.58140,  770.42482, 1740.63852,    1.00000,    1.00000 
   3.99000,   16.36909,  -12.99674,    0.41466,  -12.58209,  801.98481,  467.46433,    1.00000,    1.00000 
   4.00000,   16.36909,  -13.00482,    0.42223,  -12.58258,  816.63729,  152.06716,    1.00000,    1.00000 
   4.01000,   16.36909,  -12.99834,    0.41624,  -12.58209,  805.04897,  563.45376,    1.00000,    1.00000 
   4.02000,   16.36909,  -12.98511,    0.40328,  -12.58184,  779.97170, 1235.60150,    1.00000,    1.00000 
   4.03000,   16.36909,  -12.97441,    0.39357,  -12.58084,  761.20745, 1750.90305,    1.00000,    1.00000 
   4.04000,   16.36909,  -12.97753,    0.39578,  -12.58176,  765.46605, 1158.20133,    1.00000,    1.00000 
   4.05000,   16.36909,  -12.98164,    0.39868,  -12.58296,  771.07667, 1077.92503,    1.00000,    1.00000 
   4.06000,   16.36909,  -12.97058,    0.38864,  -12.58194,  751.65706, 2554.48167,    1.00000,    1.00000 
   4.07000,   16.36909,  -12.95736,    0.37680,  -12.58056,  728.76749, 3964.86596,    1.00000,    1.00000 
   4.08000,   16.36909,  -12.96142,    0.37985,  -12.58157,  734.67141, 3807.26112,    1.00000,    1.00000 
   4.09000,   16.36909,  -12.97220,    0.39024,  -12.58197,  754.75006, 2613.90141,    1.00000,    1.00000 
   4.10000,   16.36909,  -12.98417,    0.40303,  -12.58114,  779.49726,  972.62288,    1.00000,    1.00000 
   4.11000,   16.36909,  -13.00746,    0.42399,  -12.58348,  820.02406, -663.10588,    1.00000,    1.00000 
   4.12000,   16.36909,  -13.01334,    0.42887,  -12.58447,  829.47572, -931.73268,    1.00000,    1.00000 
   4.13000,   16.36909,  -12.98765,    0.40650,  -12.58115,  786.20346,  894.89501,    1.00000,    1.00000 
   4.14000,   16.36909,  -12.97448,    0.39414,  -12.58034,  762.30183, 2109.90501,    1.00000,    1.00000 
   4.15000,   16.36909,  -12.98807,    0.40576,  -12.58231,  784.76834, 1200.58297,    1.00000,    1.00000 
   4.16000,   16.36909,  -12.99631,    0.41229,  -12.58402,  797.40639,  195.33742,    1.00000,    1.00000 
   4.17000,   16.36909,  -12.97686,    0.39521,  -12.58166,  764.36190,  924.09422,    1.00000,    1.00000 
   4.18000,   16.36909,  -12.96173,    0.38207,  -12.57966,  738.95358, 1959.01605,    1.00000,    1.00000 
   4.19000,   16.36909,  -12.97811,    0.39686,  -12.58126,  767.55780, 1206.52367,    1.00000,    1.00000 
   4.20000,   16.36909,  -13.00471,    0.42204,  -12.58267,  816.25771, -157.61759,    1.00000,    1.00000 
   4.21000,   16.36909,  -13.01647,    0.43331,  -12.58316,  838.06204, -143.23112,    1.00000,    1.00000 
   4.22000,   16.36909,  -13.00605,    0.42379,  -12.58226,  819.64805,  760.03579,    1.00000,    1.00000 
   4.23000,   16.36909,  -12.98769,    0.40695,  -12.58074,  787.07529, 1598.00490,    1.00000,    1.00000 
   4.24000,   16.36909,  -12.98317,    0.40239,  -12.58078,  778.25120, 1791.86373,    1.00000,    1.00000 
   4.25000,   16.36909,  -12.98930,    0.40673,  -12.58257,  786.66031, 1414.38704,    1.00000,    1.00000 
   4.26000,   16.36909,  -12.98024,    0.39678,  -12.58345,  767.41223, 2147.62545,    1.00000,    1.00000 
   4.27000,   16.36909,  -12.95040,    0.36979,  -12.58062,  715.19863, 3652.60169,    1.00000,    1.00000 
   4.28000,   16.36909,  -12.93982,    0.35987,  -12.57995,  696.02605, 3867.24758,    1.00000,    1.00000 
   4.29000,   16.36909,  -12.96091,    0.37891,  -12.58200,  732.84589, 2921.56840,    1.00000,    1.00000 
   4.30000,   16.36909,  -12.98306,    0.39996,  -12.58311,  773.55339, 1973.83018,    1.00000,    1.00000 
   4.31000,   16.36909,  -12.98617,    0.40370,  -12.58246,  780.79622, 1555.08614,    1.00000,    1.00000 
   4.32000,   16.36909,  -12.97671,    0.39511,  -12.58159,  764.18399, 2240.88373,    1.00000,    1.00000 
   4.33000,   16.36909,  -12.96936,    0.38818,  -12.58118,  750.77570, 2839.18509,    1.00000,    1.00000 
   4.34000,   16.36909,  -12.97062,    0.38890,  -12.58172,  752.16884, 2750.78554,    1.00000,    1.00000 
   4.35000,   16.36909,  -12.97186,    0.38995,  -12.58191,  754.20449, 2452.25406,    1.00000,    1.00000 
   4.36000,   16.36909,  -12.97072,    0.38970,  -12.58102,  753.71962, 2378.33478,    1.00000,    1.00000 
   4.37000,   16.36909,  -12.97595,    0.39456,  -12.58138,  763.12224, 1821.45210,    1.00000,    1.00000 
   4.38000,   16.36909,  -12.98376,    0.40208,  -12.58168,  777.65656,  641.64095,    1.00000,    1.00000 
   4.39000,   16.36909,  -12.99307,    0.41186,  -12.58121,  796.56413, -440.82590,    1.00000,    1.00000 
   4.40000,   16.36909,  -13.00840,    0.42658,  -12.58182,  825.03663, -1159.57004,    1.00000,    1.00000 
   4.41000,   16.36909,  -13.01939,    0.43606,  -12.58333,  843.38055, -1700.06098,    1.00000,    1.00000 
   4.42000,   16.36909,  -13.00822,    0.42524,  -12.58299,  822.44514, -783.89334,    1.00000,    1.00000 
   4.43000,   16.36909,  -12.98065,    0.39953,  -12.58112,  772.72060, 1030.32155,    1.00000,    1.00000 
   4.44000,   16.36909,  -12.96441,    0.38423,  -12.58018,  743.13421, 1745.63735,    1.00000,    1.00000 
   4.45000,   16.36909,  -12.97060,    0.38863,  -12.58197,  751.64493, 1294.26745,    1.00000,    1.00000 
   4.46000,   16.36909,  -12.97542,    0.39312,  -12.58230,  760.32674, 1014.52099,    1.00000,    1.00000 
   4.47000,   16.36909,  -12.97095,    0.38859,  -12.58236,  751.56047, 1160.69195,    1.00000,    1.00000 
   4.48000,   16.36909,  -12.96316,    0.38250,  -12.58066,  739.78443, 1598.33995,    1.00000,    1.00000 
   4.49000,   16.36909,  -12.97493,    0.39453,  -12.58040,  763.05737,  858.84721,    1.00000,    1.00000 
   4.50000,   16.36909,  -13.00470,    0.42081,  -12.58390,  813.87368, -743.75382,    1.00000,    1.00000 
   4.51000,   16.36909,  -13.00782,    0.42434,  -12.58348,  820.70819, -862.65711,    1.00000,    1.00000 
   4.52000,   16.36909,  -12.98614,    0.40440,  -12.58174,  782.14693,  584.23697,    1.00000,    1.00000 
   4.53000,   16.36909,  -12.96948,    0.38890,  -12.58058,  752.16029, 1775.87495,    1.00000,    1.00000 
   4.54000,   16.36909,  -12.97547,    0.39424,  -12.58123,  762.49820, 1359.64620,    1.00000,    1.00000 
   4.55000,   16.36909,  -12.99433,    0.41092,  -12.58341,  794.74578,  219.43022,    1.00000,    1.00000 
   4.56000,   16.36909,  -12.99578,    0.41222,  -12.58356,  797.27556, -115.05187,    1.00000,    1.00000 
   4.57000,   16.36909,  -12.97542,    0.39302,  -12.58239,  760.13753,  756.86411,    1.00000,    1.00000 
   4.58000,   16.36909,  -12.95640,    0.37591,  -12.58049,  727.03916, 1767.25819,    1.00000,    1.00000 
   4.59000,   16.36909,  -12.96698,    0.38551,  -12.58147,  745.60132, 1232.48143,    1.00000,    1.00000 
   4.60000,   16.36909,  -12.99368,    0.40989,  -12.58379,  792.76470, -427.85877,    1.00000,    1.00000 
   4.61000,   16.36909,  -13.00359,    0.42030,  -12.58330,  812.89177, -1614.57263,    1.00000,    1.00000 
   4.62000,   16.36909,  -13.00357,    0.42212,  -12.58145,  816.42277, -2284.69405,    1.00000,    1.00000 
   4.63000,   16.36909,  -13.01601,    0.43272,  -12.58329,  836.91551, -2715.25488,    1.00000,    1.00000 
   4.64000,   16.36909,  -13.01891,    0.43528,  -12.58363,  841.87673, -2299.04146,    1.00000,    1.00000 
   4.65000,   16.36909,  -13.00450,    0.42212,  -12.58238,  816.41138, -856.67902,    1.00000,    1.00000 
   4.66000,   16.36909,  -12.98787,    0.40520,  -12.58268,  783.68288,  801.12595,    1.00000,    1.00000 
   4.67000,   16.36909,  -12.96732,    0.38516,  -12.58216,  744.93932, 2225.48335,    1.00000,    1.00000 
   4.68000,   16.36909,  -12.95098,    0.37041,  -12.58057,  716.40686, 3146.07996,    1.00000,    1.00000 
   4.69000,   16.36909,  -12.95816,    0.37674,  -12.58143,  728.64245, 2640.17263,    1.00000,    1.00000 
   4.70000,   16.36909,  -12.97667,    0.39334,  -12.58334,  760.74677,  986.71893,    1.00000,    1.00000 
   4.71000,   16.36909,  -12.98042,    0.39756,  -12.58286,  768.90926,   98.26912,    1.00000,    1.00000 
   4.72000,   16.36909,  -12.97599,    0.39450,  -12.58149,  762.98985, -190.12003,    1.00000,    1.00000 
   4.73000,   16.36909,  -12.98247,    0.40022,  -12.58224,  774.06777, -809.54317,    1.00000,    1.00000 
   4.74000,   16.36909,  -12.99292,    0.41043,  -12.58250,  793.79823, -1054.55121,    1.00000,    1.00000 
   4.75000,   16.36909,  -12.99996,    0.41721,  -12.58275,  806.91935, -487.23959,    1.00000,    1.00000 
   4.76000,   16.36909,  -12.99875,    0.41562,  -12.58313,  803.85249,  401.65358,    1.00000,    1.00000 
   4.77000,   16.36909,  -12.98593,    0.40394,  -12.58199,  781.25655, 1252.53707,    1.00000,    1.00000 
   4.78000,   16.36909,  -12.97869,    0.39755,  -12.58113,  768.90346, 1506.52316,    1.00000,    1.00000 
   4.79000,   16.36909,  -12.98954,    0.40747,  -12.58208,  788.07804,  319.58946,    1.00000,    1.00000 
   4.80000,   16.36909,  -13.00247,    0.41862,  -12.58385,  809.65151, -623.52519,    1.00000,    1.00000 
   4.81000,   16.36909,  -12.99464,    0.41170,  -12.58293,  796.26695, -532.55174,    1.00000,    1.00000 
   4.82000,   16.36909,  -12.97789,    0.39623,  -12.58166,  766.34043,  -13.52227,    1.00000,    1.00000 
   4.83000,   16.36909,  -12.97059,    0.38873,  -12.58186,  751.83923,  -52.29024,    1.00000,    1.00000 
   4.84000,   16.36909,  -12.97197,    0.38995,  -12.58202,  754.20390, -497.90052,    1.00000,    1.00000 
   4.85000,   16.36909,  -12.97749,    0.39481,  -12.58268,  763.60432, -619.46508,    1.00000,    1.00000 
   4.86000,   16.36909,  -12.97715,    0.39412,  -12.58303,  762.26207,   33.82153,    1.00000,    1.00000 
   4.87000,   16.36909,  -12.96935,    0.38753,  -12.58182,  749.51743,  921.78567,    1.00000,    1.00000 
   4.88000,   16.36909,  -12.97128,    0.38980,  -12.58148,  753.90943,  780.88641,    1.00000,    1.00000 
   4.89000,   16.36909,  -12.98891,    0.40669,  -12.58222,  786.57640, -297.75179,    1.00000,    1.00000 
   4.90000,   16.36909,  -13.00996,    0.42650,  -12.58346,  824.88973, -1537.72710,    1.00000,    1.00000 
   4.91000,   16.36909,  -13.01537,    0.43158,  -12.58378,  834.71725, -2239.28085,    1.00000,    1.00000 
   4.92000,   16.36909,  -12.99926,    0.41665,  -12.58261,  805.83858, -1604.61806,    1.00000,    1.00000 
   4.93000,   16.36909,  -12.98077,    0.39956,  -12.58121,  772.78198, -743.37992,    1.00000,    1.00000 
   4.94000,   16.36909,  -12.97919,    0.39720,  -12.58199,  768.22877, -440.28558,    1.00000,    1.00000 
   4.95000,   16.36909,  -12.98438,    0.40174,  -12.58263,  777.00495,   30.40838,    1.00000,    1.00000 
   4.96000,   16.36909,  -12.98112,    0.39792,  -12.58321,  769.61034, 1245.08102,    1.00000,    1.00000 
   4.97000,   16.36909,  -12.96389,    0.38247,  -12.58142,  739.72739, 2412.62792,    1.00000,    1.00000 
   4.98000,   16.36909,  -12.95516,    0.37434,  -12.58082,  724.00954, 2809.69114,    1.00000,    1.00000 
   4.99000,   16.36909,  -12.96310,    0.38103,  -12.58207,  736.95479, 2278.62465,    1.00000,    1.00000 
   5.00000,   16.36909,  -12.97096,    0.38834,  -12.58262,  751.08341, 2037.94668,    1.00000,    1.00000 
